1685499866186600208, 0.999302, -0.000359919, 0.0359973, 0.0099915, 0, 0, 0, 0, 0, 0
1685499866652855396, 0.999135, 0.00305894, 0.0409514, 0.00649982, 0.00048698, -0.000386128, 0.00422404, -0.00435996, -0.0145631, 0.0655604
1685499866753687143, 0.999755, 0.00325498, 0.0218312, 0.00151996, 0.000468024, -0.0032739, 0.0142277, -0.0140232, -0.04441, 0.160249
1685499866854568958, 0.999936, 0.00284807, 0.010567, 0.0027294, 0.00045684, -0.0059183, 0.0303194, -0.0183167, -0.0260677, 0.162183
1685499866955409050, 0.999881, 0.00208188, 0.0105814, 0.0110716, 0.000300556, -0.00654111, 0.0455291, 0.0047776, -0.0221129, 0.158477
1685499867056276798, 0.999798, 0.00110993, 0.0103912, 0.017152, 0.00234267, -0.00754791, 0.0619575, 0.0215918, -0.0162163, 0.195224
1685499867157110929, 0.999876, 4.81313e-05, 0.0110687, 0.011214, 0.0050871, -0.00800413, 0.0795089, 0.0314743, -0.00328583, 0.192093
1685499867257980824, 0.999948, -0.000294006, 0.0065851, 0.00775948, 0.00819884, -0.00820067, 0.0965482, 0.0379717, 0.00328823, 0.199929
1685499867358839273, 0.999938, 0.000135409, -0.00276607, 0.0107907, 0.012187, -0.00783063, 0.114665, 0.038751, 0.00561917, 0.205917
1685499867459716320, 0.999877, -0.00108339, -0.00527353, 0.0147134, 0.013101, -0.0078329, 0.136188, 0.0306942, 0.00199205, 0.228303
1685499867560562611, 0.999842, -0.00295575, -0.00625344, 0.0163673, 0.0130394, -0.0078337, 0.157855, 0.0151798, 0.000186068, 0.243553
1685499867661381483, 0.999854, -0.00356414, -0.0092599, 0.0139023, 0.0117468, -0.00870754, 0.181492, 0.00476424, 0.00428263, 0.254419
1685499867762286663, 0.999887, -0.000662583, -0.0133622, 0.00682465, 0.0107968, -0.0100643, 0.20501, 0.0109264, 0.00286006, 0.242763
1685499867863127470, 0.99979, 0.00180898, -0.0192473, 0.00678153, 0.0110748, -0.0112813, 0.224768, 0.0191416, -0.000931234, 0.180776
1685499867963990211, 0.999685, 0.00236449, -0.0221882, 0.0114901, 0.0111651, -0.0125462, 0.237355, 0.0277219, 0.00713459, 0.0602367
1685499868064858675, 0.999673, 0.000949557, -0.0203865, 0.0153842, 0.0123337, -0.0127655, 0.239483, 0.0312154, 0.00988276, -0.0141011
1685499868165723324, 0.999797, -0.00336399, -0.011387, 0.0162662, 0.0127008, -0.0119307, 0.23661, 0.0175934, 0.0118647, -0.0367093
1685499868266595364, 0.999759, -0.00619123, -0.00932301, 0.0188701, 0.0120467, -0.0104353, 0.233754, -0.00637538, 0.00984212, -0.0329669
1685499868367437363, 0.999521, -0.00976184, -0.00710248, 0.0284835, 0.00963167, -0.00932091, 0.23077, -0.0166814, -0.0110094, -0.0530823
1685499868468307734, 0.998609, -0.012615, -0.00690451, 0.0507284, 0.00849561, -0.00973244, 0.227951, -0.0230055, -0.0244558, -0.0789082
1685499868569181442, 0.996356, -0.0117498, -0.00695845, 0.0841885, 0.00872893, -0.0104732, 0.221959, -0.0217089, -0.0403096, -0.120053
1685499868670002222, 0.992467, -0.0104785, 0.00103173, 0.12206, 0.00939733, -0.0137754, 0.210641, -0.0155354, -0.0577522, -0.127872
1685499868770883322, 0.988548, -0.00973589, 0.0111377, 0.150178, 0.0100826, -0.0188224, 0.199178, -0.011673, -0.0535003, -0.111217
1685499868871752024, 0.984922, -0.00804972, 0.0173764, 0.171937, 0.00955542, -0.0233123, 0.188194, -0.0176401, -0.0535922, -0.111704
1685499868972592831, 0.980963, -0.00755182, 0.024235, 0.192527, 0.00878356, -0.0284139, 0.177591, -0.0151031, -0.0431788, -0.0976864
1685499869073421955, 0.97721, -0.00757955, 0.0278653, 0.210303, 0.00840622, -0.0329836, 0.169128, -0.0133382, -0.0256183, -0.0708093
1685499869174335241, 0.97415, -0.00713452, 0.0300596, 0.223778, 0.00799278, -0.0380131, 0.162651, -0.0200403, -0.0184472, -0.0642277
1685499869275211334, 0.970543, -0.00486466, 0.0341845, 0.23844, 0.00698631, -0.0416677, 0.155953, -0.019692, -0.00763462, -0.0655027
1685499869376044989, 0.967524, -0.00452361, 0.0362782, 0.250123, 0.00642998, -0.0454188, 0.150467, -0.0135301, -0.000457714, -0.0444149
1685499869476912022, 0.965812, -0.00399925, 0.0378263, 0.256436, 0.0064221, -0.050047, 0.147483, -0.00749293, 0.00105652, -0.0121212
1685499869577752829, 0.965813, -0.0053084, 0.0353529, 0.256763, 0.00701583, -0.0517622, 0.147657, -0.000760686, 0.0116198, 0.0285819
1685499869678631783, 0.96923, -0.00650872, 0.0310783, 0.244099, 0.00847547, -0.0545162, 0.148924, -8.14806e-05, 0.0293016, 0.0637418
1685499869779484749, 0.975688, -0.00600686, 0.0281782, 0.217262, 0.00993361, -0.0525437, 0.149624, -0.0015678, 0.0287995, 0.0904571
1685499869880341053, 0.982773, -0.00517177, 0.0248272, 0.183067, 0.0109722, -0.0492283, 0.149429, -0.00600499, 0.0217713, 0.079839
1685499869981199741, 0.988219, -0.00321763, 0.0231051, 0.15126, 0.0112707, -0.0448556, 0.152726, -0.00183891, 0.00962611, 0.0630908
1685499870082060099, 0.992493, -0.000830732, 0.0195811, 0.120722, 0.0115291, -0.0439335, 0.161425, -0.00510388, 0.00418964, 0.0717566
1685499870182914019, 0.995744, 0.00272511, 0.0163658, 0.0906552, 0.0110141, -0.0432996, 0.172705, -0.00669445, -0.0120075, 0.0640919
1685499870283763885, 0.997842, 0.00517566, 0.0140465, 0.0639292, 0.00958573, -0.0448742, 0.187742, -0.00834194, -0.0234426, 0.0474505
1685499870384625435, 0.998656, 0.00800453, 0.013539, 0.0493904, 0.00834036, -0.0469793, 0.195779, -0.00909547, -0.0279642, -0.01155
1685499870485537767, 0.998795, 0.00983581, 0.0085639, 0.0473038, 0.00805649, -0.0475054, 0.201956, 0.0102872, -0.0244373, -0.00190124
1685499870586344242, 0.999095, 0.00724682, 0.000469218, 0.0419047, 0.00814376, -0.0475093, 0.204848, 0.000656083, -0.0235199, 0.00568127
1685499870687211990, 0.999564, 0.00457914, 0.00107992, 0.029166, 0.00820268, -0.0473957, 0.207357, 0.00387251, -0.0165934, 0.00149825
1685499870788070679, 0.999838, 0.00336772, -0.000446546, 0.0176767, 0.0085913, -0.0463465, 0.208172, 0.00435166, -0.0116902, -0.015596
1685499870888950586, 0.99989, 0.00227329, 0.0006988, 0.014607, 0.00836572, -0.0447299, 0.208036, -0.0029089, -0.0066078, -0.0241592
1685499870989793777, 0.999914, 0.000575792, 0.000864266, 0.0130588, 0.00806294, -0.0428707, 0.207461, 0.00187686, -0.00680745, -0.0142794
1685499871090661764, 0.99997, -0.000482999, 0.000949805, 0.00761413, 0.00794385, -0.0412248, 0.20776, 0.00141159, -0.00456105, 0.00113984
1685499871191516399, -0.999966, 0.000227658, 0.000621782, 0.00816947, 0.00775531, -0.0390365, 0.21038, -0.0016157, 0.00471358, 0.0356634
1685499871292383194, -0.999294, -0.0026618, 0.001392, 0.0374527, 0.0080123, -0.0354383, 0.216466, 0.00985702, 0.0283011, 0.0673931
1685499871393237829, -0.997307, -0.00501308, 0.00317712, 0.0730998, 0.0092308, -0.0304945, 0.223477, 0.00858822, 0.030784, 0.0539595
1685499871494050026, -0.995021, -0.00677628, 0.0028748, 0.0993916, 0.0101995, -0.0257923, 0.22756, 0.0095595, 0.0288469, 0.0139113
1685499871594955444, -0.993245, -0.00681785, 0.00230732, 0.11581, 0.0112834, -0.021093, 0.229501, 0.00557341, 0.0232398, 0.00328179
1685499871695821047, -0.991585, -0.0050228, -0.000829541, 0.12936, 0.0112816, -0.0165987, 0.229942, 0.000299589, 0.0151685, -0.0107736
1685499871796687365, -0.989841, -0.00535878, -0.00144375, 0.14207, 0.0112523, -0.0130729, 0.230736, 0.0053908, -0.00120715, -0.0019445
1685499871897560835, -0.988105, -0.00670779, -0.00332809, 0.153598, 0.010246, -0.0124831, 0.231475, -0.0122912, -0.0101017, -0.00919879
1685499871998404980, -0.986453, -0.00741924, -0.00813811, 0.163676, 0.00886329, -0.011422, 0.231763, -0.0061548, -0.0149876, -0.00585286
1685499872099257946, -0.985371, -0.00864148, -0.00875872, 0.16998, 0.00772488, -0.0125519, 0.231952, -0.0117228, -0.0173247, -0.00751922
1685499872200146675, -0.984704, -0.00963545, -0.00964301, 0.173699, 0.00624336, -0.0138067, 0.232214, -0.0155628, -0.0155619, -0.0056589
1685499872301019192, -0.984243, -0.00973995, -0.0101812, 0.176259, 0.00458417, -0.0144829, 0.232733, -0.0164683, -0.0118044, -0.00856361
1685499872401836634, -0.984251, -0.00942176, -0.0113562, 0.176158, 0.00282127, -0.0153583, 0.232143, -0.0163266, -0.00914944, -0.0210665
1685499872502696037, -0.985309, -0.00936948, -0.0121513, 0.170088, 0.0016113, -0.0151282, 0.230133, -0.0115829, 0.00289576, -0.0329739
1685499872603599548, -0.988664, -0.00980002, -0.00856049, 0.149579, 0.0011387, -0.0159685, 0.225686, -0.00742112, 0.00431185, -0.0500688
1685499872704403400, -0.992602, -0.0103482, -0.00265909, 0.120943, 0.000626373, -0.0162893, 0.221207, -0.00717318, -0.00948844, -0.0339003
1685499872805375099, -0.995631, -0.0120636, 0.00248224, 0.0925596, 0.000231973, -0.0205097, 0.217798, -0.0039224, -0.0288094, -0.0224746
1685499872906139851, -0.997933, -0.0144703, 0.0116276, 0.0615295, -8.90966e-06, -0.0265809, 0.214898, 0.00129538, -0.0293312, -0.0287684
1685499873006996632, -0.999394, -0.0166302, 0.015801, 0.0261619, -0.000154265, -0.0317917, 0.210469, 0.00447358, -0.00739354, -0.0358519
1685499873107889175, -0.99966, -0.0153038, 0.0204238, 0.00534539, 0.000622675, -0.0346334, 0.209819, 0.0117304, -0.00422831, -0.0131578
1685499873208723068, -0.999692, -0.0137022, 0.0196819, 0.00642265, 0.00162916, -0.0358645, 0.211803, 0.0150118, 0.00880748, 0.0117426
1685499873309659481, -0.999707, -0.0118511, 0.0194864, 0.0081178, 0.0029287, -0.0358591, 0.213302, 0.0107033, 0.00746469, -0.00665921
1685499873410445929, 0.999762, 0.0089652, -0.0189426, 0.00598967, 0.00414679, -0.0354395, 0.21095, 0.0126171, 0.00745896, -0.0414026
1685499873511285305, 0.999317, 0.00751071, -0.0171943, 0.0318484, 0.00517823, -0.0351862, 0.205444, 0.00430594, -0.00552912, -0.065335
1685499873612148285, 0.998119, 0.0068239, -0.0131154, 0.0594921, 0.00573683, -0.0366187, 0.197836, 0.00461701, -0.0266707, -0.0768393
1685499873713143349, 0.996175, 0.00702566, -0.00781017, 0.0867518, 0.0061943, -0.0392699, 0.189277, -0.00181216, -0.0349858, -0.0823931
1685499873813883781, 0.993148, 0.00868305, 0.00131425, 0.116534, 0.00619122, -0.0432964, 0.17838, -0.00651443, -0.044938, -0.0894793
1685499873914766788, 0.989925, 0.00795578, 0.00292168, 0.141338, 0.00676442, -0.0461882, 0.171065, 0.00149826, -0.0320257, -0.0598753
1685499874015605927, 0.987076, 0.00731263, 0.00363693, 0.160042, 0.00722445, -0.0475666, 0.165668, -0.00603841, -0.018417, -0.0568557
1685499874116447449, 0.98419, 0.00788201, 0.00794878, 0.176761, 0.00761723, -0.0483997, 0.160682, 0.00272044, -0.0145407, -0.0506056
1685499874217306614, 0.98139, 0.00888382, 0.00914803, 0.1916, 0.00861754, -0.0489225, 0.157113, 0.000612999, -0.00510404, -0.0429013
1685499874318174124, 0.980141, 0.00989861, 0.0125323, 0.197659, 0.00932135, -0.0476552, 0.156253, 0.000336991, 0.00210751, -0.0149758
1685499874419040442, 0.980503, 0.00919776, 0.0159881, 0.195637, 0.00996564, -0.0457982, 0.156993, -0.00328966, 0.0157321, -0.0117204
1685499874519894361, 0.980098, 0.0110521, 0.0190406, 0.197289, 0.00999695, -0.0441286, 0.156243, -0.00640453, 0.013296, -0.019782
1685499874620757818, 0.978702, 0.0121788, 0.0202346, 0.203922, 0.0103224, -0.0438897, 0.154636, -0.00493483, -0.0011146, -0.0237776
1685499874721618891, 0.977636, 0.0134239, 0.0224192, 0.208674, 0.0101917, -0.044027, 0.153663, -0.0119152, 0.0016401, -0.0106429
1685499874822481155, 0.980253, 0.0142339, 0.0221075, 0.19599, 0.00932569, -0.0417459, 0.158237, -0.0167267, 0.0257974, 0.0509833
1685499874923337221, 0.986365, 0.0144774, 0.016792, 0.163072, 0.00794564, -0.037075, 0.170804, -0.025075, 0.0452298, 0.119988
1685499875024225712, 0.992329, 0.0154171, 0.0103859, 0.122219, 0.00576548, -0.0325464, 0.187617, -0.0278599, 0.0563788, 0.147513
1685499875125084400, 0.996223, 0.0167025, 0.00226073, 0.0851808, 0.00431893, -0.028529, 0.203859, -0.0183423, 0.0571264, 0.144805
1685499875225945950, 0.998128, 0.017465, -0.00745201, 0.0581452, 0.00325501, -0.0256663, 0.218416, -0.0155054, 0.0404065, 0.114551
1685499875326768875, 0.998757, 0.0210676, -0.0141207, 0.0429141, 0.00173323, -0.0251162, 0.22712, -0.0213133, 0.0128124, 0.0487914
1685499875427650452, 0.998746, 0.0266405, -0.0133698, 0.0402327, -0.000126518, -0.0279061, 0.22884, -0.0247579, -0.0238328, 0.0143271
1685499875528486490, 0.998868, 0.0336174, -0.0128506, 0.0311101, -0.000574914, -0.033804, 0.230654, 0.00695934, -0.0560491, 0.0300237
1685499875629384995, 0.999296, 0.0331421, -0.0125903, 0.0122506, 0.000825738, -0.040513, 0.235275, 0.01204, -0.0456647, 0.060657
1685499875730220318, -0.999367, -0.0304583, 0.0174943, 0.00571067, 0.00444127, -0.0450415, 0.242649, 0.0278633, -0.019109, 0.0842543
1685499875831104279, -0.999006, -0.0255437, 0.019945, 0.0306209, 0.00674538, -0.0461318, 0.251003, 0.00933492, 0.00738216, 0.0768152
1685499875931971550, -0.997902, -0.0195767, 0.0154457, 0.0597427, 0.00848666, -0.0453096, 0.257654, 0.0126042, 0.0119286, 0.0662721
1685499876032829285, -0.996274, -0.011431, 0.0108576, 0.0847888, 0.0101264, -0.0425222, 0.262582, 0.00808606, 0.0163586, 0.0528013
1685499876133663654, -0.994484, -0.00462856, 0.0105613, 0.104251, 0.011592, -0.0391381, 0.266778, 0.00912207, 0.00955116, 0.0490304
1685499876234517813, -0.992387, 0.000756995, 0.00647526, 0.122984, 0.0121308, -0.0361394, 0.26964, 0.000432622, 0.00528178, 0.0349514
1685499876335379362, -0.989858, 0.00338777, 0.0055634, 0.141912, 0.0123804, -0.0332169, 0.271973, -0.00150782, 0.00126218, 0.0268989
1685499876436237335, -0.987673, 0.00431915, 0.00365172, 0.156426, 0.0120356, -0.0305605, 0.272353, -0.0116757, 0.000925196, 0.000994726
1685499876537081242, -0.986078, 0.00452894, 0.000144105, 0.166223, 0.0109606, -0.0283981, 0.271575, -0.0156668, 0.00485616, -0.0043216
1685499876637979507, -0.985411, 0.00364226, -0.0010634, 0.170149, 0.00985778, -0.0258684, 0.27078, -0.00603266, 0.0140854, 0.00646128
1685499876738922596, -0.986307, 0.00269929, 0.00167134, 0.164891, 0.00877563, -0.0234006, 0.270638, -0.0152416, 0.00694639, 0.00968805
1685499876839714289, -0.988091, 0.00373913, 0.00455612, 0.153757, 0.00783828, -0.0219723, 0.270075, -0.00343509, -0.00267198, 0.00338432
1685499876940544128, -0.99158, 0.00153189, 0.0125574, 0.128877, 0.00739041, -0.0213255, 0.267384, -0.00238388, -0.0106386, -0.0187887
1685499877041400433, -0.995623, -0.00151902, 0.023082, 0.0905509, 0.00702089, -0.0233682, 0.261946, 0.000115231, -0.0341566, -0.0497788
1685499877142264843, -0.99833, -0.00219832, 0.0316163, 0.0483033, 0.00753102, -0.0288819, 0.255006, 0.00718769, -0.0540472, -0.0700973
1685499877243116856, -0.999439, -0.00197487, 0.0307666, 0.0130926, 0.00841326, -0.0360521, 0.246403, 0.00779962, -0.0546666, -0.0863685
1685499877343983173, 0.999595, 0.00391005, -0.0277966, 0.00473284, 0.00906498, -0.0419295, 0.238376, 0.00541966, -0.0344518, -0.0635043
1685499877444838524, 0.99977, 0.00441928, -0.0203348, 0.00525691, 0.00925483, -0.0458342, 0.233087, -0.00115544, -0.0179453, -0.0328787
1685499877545699596, 0.999681, 0.00533139, -0.0245358, 0.00278697, 0.00936653, -0.0480907, 0.230702, 0.0030235, -0.00979923, -7.99845e-05
1685499877646455765, 0.999263, 0.00638724, -0.0376542, 0.00385782, 0.00953095, -0.0498951, 0.229837, -0.00106948, -0.0125478, -0.00215474
1685499877747451544, 0.998205, 0.00700966, -0.0589144, 0.00822798, 0.00962361, -0.0513019, 0.229925, 0.000536753, -0.00577702, 0.022783
1685499877848278999, 0.996178, 0.00750737, -0.0865363, 0.00921626, 0.00999791, -0.0519512, 0.233329, -0.000544748, -0.00218986, 0.0421404
1685499877949139357, 0.993626, 0.00752626, -0.112092, 0.00925795, 0.011055, -0.0525559, 0.238322, 0.00451839, -0.00158039, 0.0583963
1685499878050000191, 0.9906, 0.00736906, -0.136285, 0.00910174, 0.0127995, -0.0531922, 0.243561, 0.00922384, -0.00624079, 0.0513533
1685499878150857925, 0.987115, 0.00735504, -0.159393, 0.0120054, 0.0155664, -0.0539448, 0.247483, 0.014807, -0.00606931, 0.0443046
1685499878251671314, 0.984574, 0.00791934, -0.174172, 0.0147072, 0.0185607, -0.0548452, 0.25013, 0.0121993, -0.00822711, 0.0367468
1685499878352529526, 0.983163, 0.00861217, -0.181921, 0.0148651, 0.021275, -0.0560869, 0.252404, 0.0144797, -0.01186, 0.0320288
1685499878453443527, 0.982281, 0.00981835, -0.186571, 0.014765, 0.0241229, -0.0572193, 0.254075, 0.0188658, -0.00970052, 0.0185868
1685499878554327965, 0.981325, 0.0102789, -0.191381, 0.0164082, 0.0270956, -0.0581924, 0.255357, 0.020883, -0.00882322, 0.0210211
1685499878655201197, 0.980669, 0.0103125, -0.194661, 0.0170255, 0.0299804, -0.0586976, 0.257101, 0.0258673, -0.00298403, 0.0244894
1685499878755992889, 0.979599, 0.0107988, -0.19994, 0.0171552, 0.0330506, -0.0587133, 0.259385, 0.0260681, -0.000928677, 0.0269843
1685499878856921434, 0.979156, 0.0107074, -0.202141, 0.0166465, 0.0359785, -0.0586668, 0.261653, 0.0189638, -0.00249657, 0.0183346
1685499878957707882, 0.978023, 0.0105445, -0.20754, 0.0169153, 0.0388044, -0.0585245, 0.264116, 0.0277095, 0.00122789, 0.0293609
1685499879058604240, 0.978002, 0.0101794, -0.207638, 0.0171404, 0.0413434, -0.0580112, 0.266116, 0.0145729, 0.00314139, 0.0107915
1685499879159443855, 0.979906, 0.00914696, -0.198504, 0.0172533, 0.0427048, -0.0573926, 0.265737, 0.00172631, 0.000162547, -0.0234932
1685499879260313511, 0.98472, 0.00702107, -0.173299, 0.0156551, 0.0417225, -0.0574034, 0.263585, -0.0139254, -0.0024035, -0.0460154
1685499879361206293, 0.990379, 0.00579518, -0.137527, 0.0142098, 0.0392514, -0.0578715, 0.260093, -0.0133802, -0.0064548, -0.0586224
1685499879462035418, 0.994882, 0.00649895, -0.0999155, 0.0135662, 0.0354884, -0.0589798, 0.253661, -0.00937016, -0.0167194, -0.0843213
1685499879562911749, 0.99811, 0.00802579, -0.0594716, 0.0131985, 0.0316513, -0.0611881, 0.244195, -0.00604941, -0.0224133, -0.114239
1685499879663739204, 0.999725, 0.0111927, -0.0138258, 0.0152841, 0.0282798, -0.063632, 0.228744, 0.00564231, -0.027151, -0.114307
1685499879764615297, 0.999754, 0.0143785, 0.00395535, 0.0164041, 0.0264435, -0.0657977, 0.213729, 0.0145092, -0.0274013, -0.0672299
1685499879865489960, 0.999564, 0.0155779, 0.0199811, 0.0151302, 0.0253661, -0.0678053, 0.202626, 0.00616301, -0.0274894, -0.078016
1685499879966356754, 0.999087, 0.0155551, 0.0366817, 0.0154043, 0.0247652, -0.0698299, 0.189492, 0.015552, -0.0248778, -0.0831279
1685499880067193270, 0.997762, 0.0157311, 0.0636357, 0.0131786, 0.0260504, -0.0718386, 0.176765, 0.0205358, -0.0255447, -0.116564
1685499880168063164, 0.996507, 0.0159922, 0.0809842, 0.0126387, 0.0272703, -0.0728831, 0.163466, 0.0178779, -0.0187788, -0.0861601
1685499880268942356, 0.995203, 0.014507, 0.0962126, 0.0101907, 0.0285349, -0.0738109, 0.153201, 0.013715, -0.0172772, -0.0773431
1685499880369803429, 0.993747, 0.0135868, 0.109995, 0.0135461, 0.0300205, -0.0743235, 0.14374, 0.0160798, -0.012879, -0.0808041
1685499880470644951, 0.992085, 0.0113577, 0.123652, 0.0186884, 0.031984, -0.0740601, 0.13438, 0.0127014, 0.000381545, -0.0719294
1685499880571468115, 0.990512, 0.00975989, 0.135694, 0.0194345, 0.0337817, -0.0729961, 0.126527, 0.00598739, 0.00436273, -0.0450371
1685499880672395706, 0.989877, 0.0081823, 0.140806, 0.0158393, 0.0349508, -0.0718331, 0.122632, -0.00317948, 0.00347858, -0.011577
1685499880773216248, 0.990271, 0.00733723, 0.138033, 0.016012, 0.0348416, -0.0709526, 0.122956, -0.0157047, -0.000407559, 0.0262129
1685499880874110222, 0.993612, 0.00642427, 0.111233, 0.0179427, 0.0339216, -0.070124, 0.129837, -0.0155404, 0.00323764, 0.0981569
1685499880974935293, 0.99747, 0.00777446, 0.0677321, 0.0201437, 0.0331339, -0.0693374, 0.14221, -0.0177646, 0.000736461, 0.130777
1685499881075788975, 0.99907, 0.0104188, 0.0344636, 0.0237166, 0.0313005, -0.0697051, 0.155864, -0.024939, -0.0153209, 0.131719
1685499881176665783, 0.999509, 0.0135358, 0.00618868, 0.0275653, 0.0291786, -0.0717833, 0.16976, -0.0258472, -0.0304651, 0.123707
1685499881277528763, 0.999363, 0.0166336, -0.0158455, 0.0273057, 0.0273376, -0.0753285, 0.18254, -0.0231725, -0.0398416, 0.13448
1685499881378412247, 0.998891, 0.0193294, -0.0387038, 0.0185754, 0.0259946, -0.0795858, 0.196243, -0.0216399, -0.038454, 0.143697
1685499881479268074, 0.99807, 0.0243356, -0.0564394, 0.00892004, 0.0244104, -0.0832383, 0.208941, -0.0276051, -0.0312508, 0.121468
1685499881580128908, 0.997, 0.027541, -0.0721193, 0.00557857, 0.0223009, -0.0862496, 0.220532, -0.024631, -0.0218692, 0.102754
1685499881680976391, 0.995577, 0.0288382, -0.0886843, 0.0114165, 0.0208395, -0.0876021, 0.230538, -0.0146733, -0.00933556, 0.0874725
1685499881781848907, 0.993838, 0.027443, -0.105784, 0.0185059, 0.0206195, -0.087664, 0.240045, -0.0061699, 0.00530715, 0.0957183
1685499881882695913, 0.991797, 0.0251367, -0.123435, 0.0217083, 0.021272, -0.0865481, 0.249923, 0.00167881, 0.0149345, 0.0881138
1685499881983577013, 0.98962, 0.0246393, -0.139074, 0.0265343, 0.0228767, -0.0851737, 0.258017, 0.00825518, 0.014012, 0.0668763
1685499882084521294, 0.991252, 0.0233714, -0.126932, 0.0276062, 0.0234306, -0.0839852, 0.260906, -0.00113574, 0.00754091, 0.0160447
1685499882185260057, 0.991012, 0.0213325, -0.129438, 0.0261991, 0.0238313, -0.0834639, 0.261924, -0.00195317, 0.00634366, 0.00909894
1685499882286144733, 0.991251, 0.0221486, -0.127531, 0.0258391, 0.0240206, -0.0829628, 0.261672, -0.00239911, 0.00562485, -0.00517191
1685499882387007236, 0.990824, 0.0228404, -0.130461, 0.0269599, 0.0242657, -0.0830142, 0.261236, -0.01133, -0.00624302, -0.0107013
1685499882487852573, 0.98998, 0.0234906, -0.136339, 0.028279, 0.024534, -0.0839165, 0.260839, 0.00284585, -0.0104059, 0.00308024
1685499882588700294, 0.988884, 0.0232906, -0.144668, 0.02523, 0.0253306, -0.0845362, 0.260392, -0.00384358, 0.00126839, -0.0175503
1685499882689569473, 0.988544, 0.0224884, -0.147354, 0.0236866, 0.0261634, -0.0838846, 0.258054, -0.000564818, 0.00563723, -0.0317087
1685499882790413857, 0.987583, 0.0211647, -0.153819, 0.0238885, 0.0273701, -0.0827657, 0.255939, 0.0019675, 0.0129247, -0.0164832
1685499882891279221, 0.987519, 0.0193308, -0.15486, 0.0212207, 0.027297, -0.0816705, 0.254487, -0.0109935, 0.00626426, -0.0141308
1685499882992128849, 0.987249, 0.0189269, -0.156601, 0.0213864, 0.0270807, -0.0807033, 0.253352, -0.00409256, 0.00906121, -0.0105177
1685499883092992306, 0.988187, 0.017134, -0.150571, 0.0228163, 0.0256344, -0.0798491, 0.250287, -0.0226844, 0.00519977, -0.0453288
1685499883193885326, 0.992805, 0.0141958, -0.116633, 0.0231015, 0.0211967, -0.079219, 0.239915, -0.037606, -0.00250848, -0.12742
1685499883294720650, 0.996965, 0.0115042, -0.0731229, 0.0241051, 0.0170407, -0.0794094, 0.223454, -0.0284953, -0.0057809, -0.157956
1685499883395565748, 0.999052, 0.00936813, -0.0360611, 0.0225298, 0.0143593, -0.0796735, 0.206086, -0.0188639, -0.00256233, -0.15042
1685499883496443987, 0.999688, 0.00753606, -0.00747767, 0.022618, 0.0127213, -0.0798493, 0.19009, -0.011602, -0.00631608, -0.148531
1685499883597286701, 0.99932, 0.00512008, 0.027919, 0.0235518, 0.0122514, -0.0807224, 0.171903, -0.00261985, -0.014373, -0.165215
1685499883698149920, 0.997761, 0.00392719, 0.0615891, 0.025765, 0.013276, -0.0824727, 0.153301, 0.00273547, -0.0153894, -0.158563
1685499883799022675, 0.995857, 0.0035472, 0.0876084, 0.0240913, 0.014777, -0.083925, 0.137746, 0.00800857, -0.0114769, -0.11813
1685499883899888515, 0.994379, 0.00331974, 0.103765, 0.0207995, 0.0163027, -0.0848012, 0.127774, 0.00964271, -0.00481345, -0.0735082
1685499884000740767, 0.993785, 0.00323303, 0.109617, 0.0191002, 0.0178948, -0.0852519, 0.122171, 0.0102492, -0.00445033, -0.0456095
1685499884101599693, 0.993014, 0.00279643, 0.116392, 0.019175, 0.0197833, -0.0853675, 0.117829, 0.0077688, -0.0017311, -0.0417248
1685499884202462673, 0.991987, 0.00191807, 0.124465, 0.0215791, 0.021408, -0.085366, 0.113705, 0.00657818, 0.000874619, -0.0363636
1685499884303322315, 0.991045, 0.00065267, 0.131516, 0.0230816, 0.0225905, -0.085203, 0.111912, 0.00079048, 0.00409365, 0.0031388
1685499884404200077, 0.991695, 0.000831596, 0.127048, 0.0199858, 0.0223247, -0.0847167, 0.115742, -0.00990329, 0.00506289, 0.0666193
1685499884505046844, 0.995328, 0.00184149, 0.0952009, 0.0159692, 0.0208712, -0.084222, 0.128977, -0.00795848, 0.00218312, 0.148094
1685499884605901241, 0.99888, 0.00331775, 0.0443501, 0.0161257, 0.0205838, -0.0838449, 0.147571, 0.00303786, -5.28416e-05, 0.172518
1685499884706747770, 0.999777, 0.00470487, 0.00262875, 0.0204168, 0.0204316, -0.0839877, 0.166223, 0.000338976, -0.00384372, 0.171905
1685499884807661533, 0.999376, 0.00536648, -0.0276605, 0.021321, 0.0201883, -0.0844272, 0.183861, 0.00174323, -0.00573947, 0.165139
1685499884908500195, 0.998286, 0.00501785, -0.0547491, 0.020057, 0.0200739, -0.0852796, 0.200133, 0.00739278, -0.0107643, 0.142402
1685499885009362698, 0.996252, 0.00518342, -0.0843357, 0.0185212, 0.021157, -0.0863867, 0.215339, 0.0156431, -0.00945722, 0.132382
1685499885110218763, 0.993887, 0.00738263, -0.109263, 0.0139706, 0.0221772, -0.0872092, 0.22717, 0.0100739, -0.0057126, 0.0924047
1685499885211085796, 0.992438, 0.00987493, -0.12148, 0.0145793, 0.022667, -0.0880656, 0.234199, 0.00555248, -0.00647342, 0.054595
1685499885311950922, 0.991, 0.0106188, -0.131968, 0.0197549, 0.0231483, -0.0886208, 0.23869, 0.00542772, -0.00180037, 0.0341064
1685499885412776470, 0.990142, 0.0107894, -0.13737, 0.0251277, 0.023115, -0.0889995, 0.241655, 0.00147511, -0.000971989, 0.0331865
1685499885513759613, 0.988776, 0.0107643, -0.146687, 0.0262491, 0.0236161, -0.0892011, 0.245673, 0.00530532, 0.000558063, 0.041857
1685499885614482403, 0.98673, 0.011209, -0.160235, 0.0237236, 0.0244156, -0.0892041, 0.250275, 0.0024821, 0.0062805, 0.0394375
1685499885715362787, 0.985394, 0.011753, -0.167821, 0.0264064, 0.0244762, -0.0890081, 0.25307, -0.00206937, 0.00207792, 0.016864
1685499885816227436, 0.985796, 0.0114568, -0.164837, 0.0300537, 0.0235845, -0.0890348, 0.252839, -0.0101927, 0.00101239, -0.0193262
1685499885917125225, 0.987278, 0.0113736, -0.155652, 0.030419, 0.02176, -0.0891948, 0.249047, -0.0213658, -0.00474634, -0.0615505
1685499886017934799, 0.990532, 0.0105932, -0.133856, 0.0285879, 0.0178757, -0.089375, 0.240279, -0.0304863, 0.00244135, -0.108484
1685499886118797302, 0.994367, 0.00845412, -0.101293, 0.0300491, 0.0133283, -0.0885192, 0.22691, -0.0310752, 0.00768506, -0.144079
1685499886219665527, 0.997324, 0.00597298, -0.0672807, 0.0279789, 0.0092874, -0.0877991, 0.211947, -0.0174342, 0.0058382, -0.144734
1685499886320507526, 0.998853, 0.00387059, -0.0412036, 0.0240783, 0.00750352, -0.0868649, 0.195758, -0.00141993, 0.0126347, -0.175565
1685499886421379328, 0.999638, 0.00103497, -0.00588797, 0.026215, 0.00717928, -0.0849716, 0.175725, 0.00299605, 0.0176388, -0.200543
1685499886522260427, 0.999403, -0.00157502, 0.0224437, 0.0262004, 0.00799452, -0.0834655, 0.156659, 0.0192522, 0.0107047, -0.164019
1685499886623101473, 0.998671, -0.00378693, 0.0464181, 0.0220752, 0.00988475, -0.0824267, 0.140634, 0.0206021, 0.00719191, -0.140958
1685499886723943710, 0.997487, -0.00541133, 0.0680428, 0.0189812, 0.0121885, -0.0817139, 0.12699, 0.0283588, 0.00218039, -0.118936
1685499886824843407, 0.996484, -0.00591492, 0.0815943, 0.018061, 0.0149245, -0.0818662, 0.116724, 0.0284513, -0.00478318, -0.0776293
1685499886925696373, 0.995974, -0.00368714, 0.0883233, 0.0148997, 0.016866, -0.0821833, 0.111107, 0.0169956, 0.000659711, -0.0314217
1685499887026537895, 0.995666, -0.0028836, 0.0917619, 0.0148285, 0.0177021, -0.0825548, 0.110349, 0.0027351, -0.00416941, 0.0248563
1685499887127399921, 0.996542, -0.00321144, 0.0808917, 0.0187252, 0.016903, -0.0833384, 0.116043, -0.0142745, 0.00151419, 0.125265
1685499887228329182, 0.999185, -0.00242442, 0.0356551, 0.0187885, 0.0153343, -0.0829526, 0.135031, -0.00584729, 0.0128637, 0.236262
1685499887329154015, 0.999764, -0.00166296, -0.0129786, 0.0173242, 0.0143443, -0.0817669, 0.161714, 0.00200184, 0.0114922, 0.271695
1685499887429985046, 0.998329, -0.000557734, -0.0554223, 0.0163332, 0.0142007, -0.0811592, 0.189339, 0.0194649, 0.00688826, 0.257284
1685499887530835152, 0.996576, -0.000188275, -0.0809363, 0.016897, 0.0155452, -0.0805641, 0.210587, 0.0236439, 0.00630626, 0.155319
1685499887631729126, 0.99574, -0.00161177, -0.0904246, 0.0179484, 0.0175141, -0.0800644, 0.221655, 0.0347125, 0.00605305, 0.0615853
1685499887732569456, 0.995433, -0.00251758, -0.0932551, 0.0202571, 0.0201777, -0.0791358, 0.225332, 0.0308315, 0.0142976, 0.0094357
1685499887833399296, 0.995934, -0.00613148, -0.087677, 0.0197831, 0.0223654, -0.0774034, 0.22551, 0.0306572, 0.0274211, -0.00538523
1685499887934262037, 0.996047, -0.0190571, -0.0851995, 0.0163679, 0.0270419, -0.0735905, 0.225973, 0.0699717, 0.0688647, 0.00354827
1685499888035136700, 0.994908, -0.0540042, -0.0835335, 0.0162183, 0.0378552, -0.0660695, 0.22566, 0.128897, 0.107098, -0.0251206
1685499888136019230, 0.990478, -0.111368, -0.0780915, 0.0212652, 0.0550811, -0.056625, 0.223972, 0.198959, 0.0997786, -0.00767864
1685499888236876011, 0.980478, -0.181348, -0.0730316, 0.021015, 0.0775205, -0.0498654, 0.223863, 0.22117, 0.0608844, -0.00392387
1685499888337743282, 0.966786, -0.247131, -0.0633849, 0.0152429, 0.100825, -0.0457872, 0.223821, 0.222579, 0.0122171, -0.0212865
1685499888438580275, 0.950568, -0.30631, -0.0479141, 0.017309, 0.122523, -0.0467137, 0.218826, 0.206731, -0.0362548, -0.0579181
1685499888539473534, 0.93162, -0.36149, -0.0338072, 0.0163439, 0.143092, -0.0532639, 0.213921, 0.1912, -0.0938076, -0.024936
1685499888640288115, 0.913572, -0.40567, -0.0247155, 0.014391, 0.160415, -0.0615725, 0.21227, 0.156951, -0.103033, -0.00464147
1685499888741158962, 0.89707, -0.441135, -0.0195595, 0.0168085, 0.175972, -0.068004, 0.210963, 0.124623, -0.0854746, 0.00135792
1685499888842028856, 0.886074, -0.463266, -0.0101049, 0.0124519, 0.186196, -0.0726846, 0.212491, 0.0657064, -0.046392, 0.0297996
1685499888942874670, 0.884856, -0.465731, -0.009298, 0.00623125, 0.188823, -0.0714486, 0.21469, -0.000213285, 0.00624201, 0.00671638
1685499889043741703, 0.89212, -0.451578, -0.00976693, 0.0101642, 0.185593, -0.0644197, 0.214024, -0.0515378, 0.0459614, -0.0115282
1685499889144602060, 0.906659, -0.421597, -0.00906414, 0.011944, 0.176706, -0.0527328, 0.215087, -0.102196, 0.0916747, 0.0365428
1685499889245442390, 0.930588, -0.365561, -0.0184902, 0.00535054, 0.159843, -0.0427184, 0.218531, -0.177336, 0.116236, 0.0328954
1685499889346320868, 0.955603, -0.293618, -0.0229166, 0.00928838, 0.140425, -0.0380728, 0.219128, -0.241645, 0.0768293, -0.00729503
1685499889447184086, 0.977876, -0.205401, -0.0340979, 0.020141, 0.112607, -0.0357364, 0.216776, -0.27943, 0.0227529, 0.0132835
1685499889548045158, 0.992397, -0.116644, -0.0359048, 0.0159021, 0.0845338, -0.0407784, 0.218899, -0.242975, -0.0348856, 0.0256482
1685499889648905754, 0.998914, -0.0328534, -0.0312933, 0.0105682, 0.060119, -0.0535745, 0.220534, -0.212186, -0.0937503, 0.00642338
1685499889749782562, 0.998434, 0.0474768, -0.0268249, 0.0124783, 0.0393058, -0.0700324, 0.220105, -0.177491, -0.117432, -0.00160378
