1685499865687538862, 0.999298, -0.000363598, 0.0360896, 0.0100678, 0, 0, 0, 0, 0, 0
1685499866652855396, 0.999132, 0.0029994, 0.0410385, 0.00655207, 9.68785e-05, 0.000220397, 0.00368178, -0.00579913, -0.0129764, 0.0639315
1685499866753687143, 0.999757, 0.00318234, 0.0217674, 0.00126105, 0.00196802, -0.00526373, 0.0131183, -0.0119186, -0.048184, 0.157776
1685499866854568958, 0.999942, 0.00271118, 0.0102112, 0.00214519, 0.00697014, -0.0102503, 0.0280154, -0.00860684, -0.0348361, 0.158765
1685499866955409050, 0.999895, 0.00192197, 0.0100212, 0.0103316, 0.00968723, -0.0125686, 0.0432036, 0.0184582, -0.0341118, 0.154964
1685499867056276798, 0.999817, 0.000936084, 0.0097973, 0.0164148, 0.0132853, -0.014374, 0.0586047, 0.036401, -0.0292633, 0.190889
1685499867157110929, 0.999888, -0.000141584, 0.0105558, 0.0106262, 0.0165004, -0.0147629, 0.0738005, 0.0453796, -0.0151419, 0.185935
1685499867257980824, 0.999955, -0.000488425, 0.00611347, 0.00729391, 0.0203237, -0.0153436, 0.0898692, 0.051707, -0.00786719, 0.193182
1685499867358839273, 0.999941, -5.76067e-05, -0.0028452, 0.0104985, 0.0226642, -0.0148973, 0.105657, 0.0470258, -0.00374711, 0.197516
1685499867459716320, 0.999878, -0.0012875, -0.00509478, 0.0146987, 0.0222694, -0.0140458, 0.121564, 0.0348463, -0.00389817, 0.215285
1685499867560562611, 0.99984, -0.00314593, -0.00583673, 0.0165946, 0.0210782, -0.0132244, 0.137082, 0.0156529, -0.00248675, 0.225797
1685499867661381483, 0.999849, -0.00374717, -0.00880109, 0.0145134, 0.0191442, -0.0120723, 0.151584, 0.00359779, 0.00721899, 0.229328
1685499867762286663, 0.999886, -0.000808035, -0.0129855, 0.00768178, 0.0181795, -0.011816, 0.16457, 0.00985856, 0.0096512, 0.209428
1685499867863127470, 0.999795, 0.00163151, -0.0185965, 0.00783202, 0.0159537, -0.0113602, 0.173713, 0.0127202, 0.00926129, 0.139467
1685499867963990211, 0.999679, 0.00218998, -0.0217695, 0.0127524, 0.0157794, -0.010498, 0.172813, 0.0225731, 0.0210571, 0.00844848
1685499868064858675, 0.999658, 0.000713827, -0.0200389, 0.0167692, 0.015841, -0.00913282, 0.161491, 0.0252346, 0.0263704, -0.0751747
1685499868165723324, 0.999775, -0.00365978, -0.0110938, 0.0177019, 0.0151148, -0.00721226, 0.143782, 0.0107239, 0.0300361, -0.107048
1685499868266595364, 0.999732, -0.00653996, -0.00902629, 0.0202992, 0.0132505, -0.00491307, 0.128031, -0.0145567, 0.028934, -0.110311
1685499868367437363, 0.999456, -0.0103001, -0.00765608, 0.0303837, 0.0176266, 0.00174849, 0.112214, -0.0109071, 0.0177398, -0.136797
1685499868468307734, 0.998481, -0.0134479, -0.00789313, 0.0528442, 0.0202249, 0.00557637, 0.0982466, -0.00973801, 0.0100752, -0.167473
1685499868569181442, 0.996203, -0.0123144, -0.00802606, 0.0858074, 0.0264763, 0.00389139, 0.0831033, -0.00406694, -0.0120417, -0.211766
1685499868670002222, 0.992312, -0.0107213, 9.03885e-05, 0.123294, 0.0352366, 0.000601601, 0.0632272, 0.00475744, -0.0343378, -0.221932
1685499868770883322, 0.988503, -0.0106388, 0.0118581, 0.150363, 0.0355097, -0.0094938, 0.0424639, -0.0169171, -0.0475483, -0.207831
1685499868871752024, 0.984949, -0.010047, 0.0191192, 0.17149, 0.0303117, -0.0175784, 0.0221365, -0.0438062, -0.0596293, -0.210717
1685499868972592831, 0.980994, -0.0104308, 0.026551, 0.191932, 0.0234379, -0.0234785, 0.00238144, -0.0568382, -0.0535807, -0.198866
1685499869073421955, 0.977253, -0.0107457, 0.0306049, 0.20958, 0.0170555, -0.0294354, -0.0155515, -0.0673523, -0.04042, -0.174109
1685499869174335241, 0.974143, -0.0103821, 0.0330827, 0.223256, 0.0113631, -0.0322931, -0.0314113, -0.0831729, -0.0308368, -0.169448
1685499869275211334, 0.970473, -0.0080826, 0.0373565, 0.238162, 0.00554358, -0.0327681, -0.0475852, -0.0894331, -0.016399, -0.172474
1685499869376044989, 0.96742, -0.00766258, 0.0395917, 0.249946, 0.00021041, -0.0341259, -0.0609922, -0.0897129, -0.0080557, -0.151789
1685499869476912022, 0.965704, -0.00706579, 0.0411416, 0.256269, -0.00395747, -0.0385276, -0.0698669, -0.0873091, -0.00788065, -0.11853
1685499869577752829, 0.965756, -0.0084208, 0.03846, 0.256448, -0.00618479, -0.0438335, -0.071795, -0.0800875, -0.00266386, -0.0744302
1685499869678631783, 0.969181, -0.0100724, 0.0339177, 0.243796, -0.00770949, -0.0480558, -0.0618507, -0.0782417, 0.0137371, -0.0297497
1685499869779484749, 0.975704, -0.010702, 0.03049, 0.216698, -0.00873274, -0.0563074, -0.0283237, -0.0738654, 0.0039249, 0.0189276
1685499869880341053, 0.982762, -0.0121694, 0.0266081, 0.182547, -0.0110716, -0.0545673, 0.0315564, -0.0729493, -0.00195999, 0.042732
1685499869981199741, 0.988152, -0.0127557, 0.0245999, 0.150958, -0.0138541, -0.0438655, 0.0868645, -0.0660915, -0.0066401, 0.0537569
1685499870082060099, 0.992406, -0.0128814, 0.0210172, 0.120514, -0.0157791, -0.0388393, 0.128922, -0.0682296, -0.00797764, 0.0793181
1685499870182914019, 0.995667, -0.0114828, 0.0178598, 0.0905359, -0.0167033, -0.0337281, 0.159066, -0.0680944, -0.0204038, 0.0806948
1685499870283763885, 0.997765, -0.0109702, 0.0155364, 0.0640517, -0.01499, -0.0256513, 0.18126, -0.0645957, -0.0235217, 0.0671003
1685499870384625435, 0.998616, -0.00884263, 0.014885, 0.0496594, -0.013396, -0.0230527, 0.191577, -0.0593378, -0.0239999, 0.00889276
1685499870485537767, 0.998803, -0.0065072, 0.00953863, 0.0475294, -0.010625, -0.0233612, 0.198207, -0.0325894, -0.0207661, 0.0184633
1685499870586344242, 0.999087, -0.00769593, 0.00108429, 0.0420182, -0.00668373, -0.024646, 0.206105, -0.032864, -0.020109, 0.0281537
1685499870687211990, 0.999539, -0.00794276, 0.00138729, 0.029272, -0.0015353, -0.0278579, 0.212019, -0.0180809, -0.0154214, 0.0251641
1685499870788070679, 0.999824, -0.00618741, -0.000506875, 0.0176823, 0.00483057, -0.0324402, 0.216159, -0.0052305, -0.0149101, 0.00910253
1685499870888950586, 0.999882, -0.00502162, 0.00029193, 0.01454, 0.00991612, -0.0354118, 0.217782, -0.00270677, -0.0136107, 0.000730892
1685499870989793777, 0.999903, -0.00521373, 0.000208022, 0.0129296, 0.0142316, -0.0367874, 0.219126, 0.0095104, -0.016815, 0.0108393
1685499871090661764, 0.999958, -0.00540687, 0.00014902, 0.00744302, 0.0180382, -0.037345, 0.220864, 0.014565, -0.0166411, 0.026252
1685499871191516399, -0.999953, 0.00460312, 0.00147132, 0.00844166, 0.0212919, -0.0384376, 0.224361, 0.0158232, -0.0109085, 0.060511
1685499871292383194, -0.999278, 0.00118073, 0.00221656, 0.0379047, 0.0245271, -0.0412156, 0.229368, 0.030754, 0.00615255, 0.0912349
1685499871393237829, -0.997266, -0.00151421, 0.00391899, 0.0737783, 0.027744, -0.0455304, 0.233233, 0.0311856, 0.000268143, 0.0761885
1685499871494050026, -0.994947, -0.00337049, 0.00352706, 0.100284, 0.0299149, -0.0513222, 0.232691, 0.0326562, -0.010365, 0.0341579
1685499871594955444, -0.993134, -0.00298194, 0.00282114, 0.11691, 0.0313764, -0.0568867, 0.229984, 0.0280081, -0.0246179, 0.0215537
1685499871695821047, -0.991431, -0.000246355, -0.000522007, 0.130628, 0.0311674, -0.0616443, 0.225789, 0.0212945, -0.0405529, 0.00558506
1685499871796687365, -0.989651, 0.0005442, -0.00138033, 0.143491, 0.0306292, -0.0671472, 0.221894, 0.0246435, -0.0644027, 0.0124204
1685499871897560835, -0.987899, 0.000252781, -0.00349547, 0.155056, 0.0291723, -0.0735558, 0.217612, 0.00567321, -0.0772721, 0.00320899
1685499871998404980, -0.986236, 0.0007746, -0.00855496, 0.165122, 0.0272001, -0.0790507, 0.212796, 0.0106125, -0.0859075, 0.00471263
1685499872099257946, -0.985172, 0.000849233, -0.00940604, 0.171311, 0.0251655, -0.0831274, 0.207459, 0.0040375, -0.087318, 0.000992261
1685499872200146675, -0.984535, 0.00131287, -0.0105138, 0.174868, 0.0224327, -0.0855429, 0.202121, -0.000654367, -0.0829668, 0.00059147
1685499872301019192, -0.9841, 0.00261687, -0.0112385, 0.17724, 0.0195703, -0.0859147, 0.197188, -0.0018476, -0.0753863, -0.00472766
1685499872401836634, -0.984143, 0.00433911, -0.0125518, 0.176879, 0.01636, -0.0837705, 0.190812, -0.00173204, -0.0663721, -0.0199725
1685499872502696037, -0.985227, 0.00581299, -0.0133614, 0.170635, 0.0151558, -0.0841889, 0.172003, 0.00469397, -0.0519557, -0.0402362
1685499872603599548, -0.988618, 0.0069649, -0.0095168, 0.149982, 0.0148575, -0.0817503, 0.152592, 0.0111273, -0.0454209, -0.0660603
1685499872704403400, -0.992585, 0.00775254, -0.0031133, 0.121268, 0.0150488, -0.0772055, 0.134633, 0.0142271, -0.0533305, -0.0585947
1685499872805375099, -0.995684, 0.00584787, 0.00264048, 0.092586, 0.0156312, -0.0679677, 0.123185, 0.020256, -0.0573791, -0.0523892
1685499872906139851, -0.998039, 0.00164052, 0.0123723, 0.0613461, 0.0166972, -0.0636837, 0.121446, 0.0273377, -0.0443231, -0.0566719
1685499873006996632, -0.999521, -0.00239334, 0.017024, 0.0257398, 0.0172988, -0.0620024, 0.124432, 0.0313303, -0.0120656, -0.0567454
1685499873107889175, -0.999748, -0.00256937, 0.0218155, 0.00472982, 0.018667, -0.0589893, 0.129787, 0.0384658, -0.000478095, -0.0283341
1685499873208723068, -0.999763, -0.0016634, 0.0209831, 0.00562276, 0.020212, -0.055032, 0.136363, 0.0420975, 0.0190609, 0.000755043
1685499873309659481, -0.99976, -0.000518584, 0.0206726, 0.0071937, 0.0215953, -0.0509427, 0.142128, 0.0368901, 0.0226814, -0.0139425
1685499873410445929, 0.999769, -0.00178495, -0.0202093, 0.00703075, 0.023371, -0.0457918, 0.144487, 0.0384282, 0.0275005, -0.04497
1685499873511285305, 0.999279, -0.0024237, -0.0186102, 0.0330116, 0.0246843, -0.0407587, 0.143487, 0.0288784, 0.0194245, -0.0655389
1685499873612148285, 0.998039, -0.00241898, -0.0146826, 0.0608018, 0.0258537, -0.0362198, 0.140515, 0.0282899, 0.00366388, -0.0738936
1685499873713143349, 0.996059, -0.000890358, -0.00935497, 0.0881932, 0.0257393, -0.0340292, 0.136662, 0.0192476, 7.57534e-05, -0.0765393
1685499873813883781, 0.993002, 0.0029069, 3.73798e-05, 0.118064, 0.0231546, -0.0357464, 0.1307, 0.00903842, -0.00718424, -0.0808715
1685499873914766788, 0.989728, 0.00429354, 0.00204525, 0.142887, 0.0207813, -0.0362165, 0.126207, 0.0115786, 0.00822025, -0.0497768
1685499874015605927, 0.986837, 0.00563127, 0.00322869, 0.161589, 0.0179711, -0.0355395, 0.122592, -0.00159284, 0.0237436, -0.0458185
1685499874116447449, 0.98392, 0.00785969, 0.0079869, 0.178255, 0.0147394, -0.0360596, 0.119941, 0.00157453, 0.0275139, -0.0383274
1685499874217306614, 0.981094, 0.0100276, 0.00953287, 0.193037, 0.0124337, -0.0358099, 0.118247, -0.00505022, 0.0368045, -0.0296478
1685499874318174124, 0.979845, 0.0115534, 0.0130797, 0.198996, 0.0106994, -0.0352415, 0.118484, -0.00811793, 0.041899, -0.0010983
1685499874419040442, 0.980233, 0.0108644, 0.0165487, 0.196855, 0.00945677, -0.0349788, 0.120858, -0.0133532, 0.0521235, 0.00294035
1685499874519894361, 0.979851, 0.0123899, 0.0195283, 0.198386, 0.00794922, -0.0352196, 0.12267, -0.0172405, 0.0458612, -0.00395488
1685499874620757818, 0.978473, 0.0131059, 0.0206299, 0.204922, 0.00698202, -0.03612, 0.124599, -0.0161317, 0.0284652, -0.00645342
1685499874721618891, 0.977431, 0.0138205, 0.0226832, 0.209579, 0.00595657, -0.0378263, 0.126162, -0.0230333, 0.0278771, 0.00767197
1685499874822481155, 0.980094, 0.0140108, 0.0222189, 0.196787, 0.00450098, -0.0386196, 0.131684, -0.0273986, 0.0473925, 0.0695808
1685499874923337221, 0.986265, 0.0135424, 0.0167692, 0.16376, 0.00288545, -0.0376694, 0.144957, -0.0348311, 0.0617746, 0.138673
1685499875024225712, 0.992247, 0.0144572, 0.010388, 0.123004, 0.000500042, -0.0282952, 0.159593, -0.0372402, 0.0761105, 0.165248
1685499875125084400, 0.996175, 0.0152322, 0.00223292, 0.086012, -0.000277022, -0.0210944, 0.174819, -0.0264442, 0.0781359, 0.161953
1685499875225945950, 0.998111, 0.0154845, -0.00748342, 0.0589732, -0.00089906, -0.0170544, 0.188658, -0.0226341, 0.0609258, 0.13109
1685499875326768875, 0.998771, 0.018586, -0.0141585, 0.0437011, -0.00212302, -0.016124, 0.198518, -0.0277251, 0.0321954, 0.0654931
1685499875427650452, 0.998786, 0.0237872, -0.0134283, 0.0409877, -0.00400948, -0.0183748, 0.20256, -0.0309247, -0.00530838, 0.0317166
1685499875528486490, 0.998944, 0.0304886, -0.0129003, 0.0318422, -0.00466747, -0.0239222, 0.205986, 0.000827194, -0.0385874, 0.0477633
1685499875629384995, 0.999394, 0.0298016, -0.0125723, 0.012877, -0.00457769, -0.0341675, 0.213623, 0.0054561, -0.0322838, 0.0791647
1685499875730220318, -0.999469, -0.0270548, 0.0173954, 0.00518459, -0.00272649, -0.0417011, 0.223859, 0.0204755, -0.00918845, 0.103362
1685499875831104279, -0.999109, -0.0219052, 0.0197515, 0.0302002, -0.00118007, -0.0460612, 0.235874, 0.00198529, 0.0138798, 0.0967354
1685499875931971550, -0.997997, -0.0157154, 0.0151295, 0.0593874, -0.00011276, -0.0486226, 0.245525, 0.00516814, 0.0149525, 0.086603
1685499876032829285, -0.996344, -0.00746598, 0.0104333, 0.0844589, 0.000981378, -0.0475271, 0.253354, 0.000526952, 0.0175638, 0.0734977
1685499876133663654, -0.994528, -0.000574945, 0.0100478, 0.103985, 0.00173195, -0.0476805, 0.260181, 0.00130255, 0.00753305, 0.0698295
1685499876234517813, -0.992407, 0.00487417, 0.00587924, 0.122761, 0.00175863, -0.0486567, 0.264971, -0.00744068, -7.16586e-05, 0.0555605
1685499876335379362, -0.989861, 0.007537, 0.00488979, 0.141757, 0.00161158, -0.0509262, 0.269039, -0.00930821, -0.00826301, 0.0471724
1685499876436237335, -0.987665, 0.00845058, 0.00292686, 0.156323, 0.000936085, -0.053393, 0.270618, -0.0193016, -0.0124916, 0.0207764
1685499876537081242, -0.986064, 0.00864045, -0.000609876, 0.166143, -0.000302866, -0.0555974, 0.270418, -0.0229638, -0.0117796, 0.0148288
1685499876637979507, -0.985395, 0.00770337, -0.00181474, 0.170099, -0.00151542, -0.0572229, 0.270604, -0.0129415, -0.00555886, 0.0251382
1685499876738922596, -0.986291, 0.00674812, 0.000954958, 0.164873, -0.00267276, -0.058216, 0.271566, -0.0218953, -0.0148803, 0.0279604
1685499876839714289, -0.988069, 0.00775789, 0.00390656, 0.153769, -0.00345634, -0.0600763, 0.272513, -0.00966363, -0.0266108, 0.0214209
1685499876940544128, -0.991565, 0.00551623, 0.012037, 0.128934, -0.00349781, -0.0621488, 0.272146, -0.00797547, -0.0360549, -0.000597758
1685499877041400433, -0.995622, 0.00247405, 0.0227432, 0.0906254, -0.0033245, -0.0648677, 0.269567, -0.00483222, -0.0592977, -0.0310653
1685499877142264843, -0.998334, 0.00180389, 0.0314691, 0.0483295, -0.00244117, -0.068254, 0.265063, 0.00283514, -0.0764412, -0.0509997
1685499877243116856, -0.999439, 0.00200651, 0.0307825, 0.0130266, -0.0011748, -0.0727767, 0.259222, 0.004203, -0.0737794, -0.0666218
1685499877343983173, 0.999599, -3.08068e-05, -0.0278944, 0.00490326, -0.000669598, -0.0754799, 0.2543, 0.00228651, -0.0498327, -0.0429634
1685499877444838524, 0.999776, 0.000488348, -0.0204425, 0.00553672, -0.000867871, -0.0762872, 0.252839, -0.00409379, -0.0297409, -0.0113037
1685499877545699596, 0.99969, 0.00138414, -0.0246458, 0.00311373, -0.00104122, -0.0757083, 0.254792, 0.000267959, -0.0184835, 0.0227654
1685499877646455765, 0.999274, 0.00236159, -0.0377982, 0.00419416, -8.34373e-05, -0.0745467, 0.257297, -0.00285576, -0.0182234, 0.0215465
1685499877747451544, 0.99821, 0.00282081, -0.0591347, 0.00852095, 0.00239805, -0.0734402, 0.260311, 0.00108062, -0.00909002, 0.0472499
1685499877848278999, 0.996173, 0.00305962, -0.0868365, 0.00942282, 0.00653121, -0.0717199, 0.266291, 0.00334543, -0.00329922, 0.0668955
1685499877949139357, 0.993609, 0.00285233, -0.112454, 0.00937786, 0.0111564, -0.0698373, 0.274198, 0.0114376, -0.00047185, 0.0833194
1685499878050000191, 0.990567, 0.0024423, -0.136705, 0.00911876, 0.0164855, -0.068267, 0.282414, 0.0190208, -0.00321129, 0.0765257
1685499878150857925, 0.987063, 0.00218731, -0.159874, 0.0119143, 0.0225739, -0.0666863, 0.289518, 0.0271936, -0.00106462, 0.0697642
1685499878251671314, 0.984511, 0.00256122, -0.174697, 0.0145482, 0.0284353, -0.0652776, 0.295756, 0.0266642, -0.00121218, 0.0625053
1685499878352529526, 0.983096, 0.00305731, -0.182475, 0.0146682, 0.0340008, -0.0642927, 0.301537, 0.0309041, -0.00306319, 0.058071
1685499878453443527, 0.982217, 0.00414962, -0.187139, 0.0145529, 0.039395, -0.0635422, 0.306625, 0.0369354, 0.000478193, 0.0448606
1685499878554327965, 0.981258, 0.00454568, -0.191963, 0.0161844, 0.0447193, -0.0627667, 0.311154, 0.0403383, 0.00260923, 0.0475028
1685499878655201197, 0.980597, 0.00442941, -0.195263, 0.0167858, 0.0510253, -0.0615052, 0.316147, 0.0475677, 0.00959334, 0.0509799
1685499878755992889, 0.97953, 0.0049843, -0.200524, 0.0169275, 0.0564711, -0.0598345, 0.321575, 0.0489399, 0.0127868, 0.0533626
1685499878856921434, 0.979093, 0.00513795, -0.202677, 0.0164801, 0.061146, -0.0583729, 0.326642, 0.0423123, 0.0121372, 0.0444061
1685499878957707882, 0.977954, 0.00469941, -0.208096, 0.0167015, 0.0688702, -0.0565032, 0.331611, 0.0542393, 0.0167417, 0.0549063
1685499879058604240, 0.977935, 0.00430508, -0.208177, 0.0169561, 0.0753212, -0.0544961, 0.335507, 0.0432295, 0.019514, 0.0355602
1685499879159443855, 0.979847, 0.00354915, -0.198975, 0.0172104, 0.0791862, -0.0527978, 0.335634, 0.0311558, 0.0169725, -3.5574e-05
1685499879260313511, 0.984679, 0.00173822, -0.173644, 0.0158708, 0.080184, -0.051884, 0.329967, 0.015914, 0.0146731, -0.0254689
1685499879361206293, 0.990371, 0.00145666, -0.137634, 0.0148137, 0.0758074, -0.0524263, 0.316638, 0.0139464, 0.00985737, -0.0430265
1685499879462035418, 0.9949, 0.00311227, -0.0997625, 0.0145203, 0.0692207, -0.054242, 0.294448, 0.0151808, -0.0016929, -0.0753006
1685499879562911749, 0.99813, 0.00607387, -0.0590942, 0.0143728, 0.0607782, -0.05829, 0.274703, 0.0142349, -0.00949208, -0.109112
1685499879663739204, 0.999712, 0.0113038, -0.0132684, 0.0164659, 0.0503473, -0.0632409, 0.259622, 0.019569, -0.0166175, -0.109018
1685499879764615297, 0.999702, 0.0164312, 0.00463999, 0.0174424, 0.0425138, -0.0681224, 0.249872, 0.022819, -0.0192442, -0.0601214
1685499879865489960, 0.999466, 0.0194934, 0.0207915, 0.015978, 0.0355007, -0.0732141, 0.242431, 0.00920768, -0.0223495, -0.0696947
1685499879966356754, 0.998944, 0.0209738, 0.0375904, 0.0160361, 0.0298388, -0.0777575, 0.233731, 0.0140953, -0.0221063, -0.073369
1685499880067193270, 0.997567, 0.0223102, 0.0646378, 0.0135463, 0.0259424, -0.0815471, 0.222048, 0.014873, -0.0246279, -0.106441
1685499880168063164, 0.996264, 0.0237123, 0.0820579, 0.0127453, 0.0229602, -0.0851568, 0.210842, 0.00864815, -0.020325, -0.0753566
1685499880268942356, 0.994933, 0.0230919, 0.0973313, 0.0100667, 0.0203022, -0.0880752, 0.202143, 0.00138795, -0.0208269, -0.0660125
1685499880369803429, 0.993441, 0.0231061, 0.111208, 0.0131674, 0.0176684, -0.0911724, 0.194369, 0.000575998, -0.0187375, -0.068891
1685499880470644951, 0.991757, 0.0217076, 0.124986, 0.0180561, 0.0149753, -0.0932256, 0.18675, -0.00650969, -0.0075338, -0.0594201
1685499880571468115, 0.990168, 0.0206545, 0.137092, 0.0186077, 0.012253, -0.093647, 0.180945, -0.016573, -0.00485538, -0.0318266
1685499880672395706, 0.989535, 0.0194026, 0.1422, 0.0149313, 0.00958846, -0.0935691, 0.178899, -0.0282783, -0.00667144, 0.00227835
1685499880773216248, 0.989935, 0.018757, 0.139455, 0.015138, 0.00608638, -0.0936554, 0.180444, -0.0427639, -0.0113472, 0.0405298
1685499880874110222, 0.993323, 0.017715, 0.112661, 0.0174307, 0.00396746, -0.0932304, 0.188317, -0.0428548, -0.00763344, 0.11286
1685499880974935293, 0.997225, 0.0186385, 0.069184, 0.0202159, 0.00251629, -0.0915799, 0.199805, -0.0446833, -0.00914825, 0.14521
1685499881075788975, 0.998843, 0.0208295, 0.0359428, 0.0242148, 0.000206736, -0.091292, 0.212945, -0.0508515, -0.0244324, 0.145905
1685499881176665783, 0.999291, 0.0234671, 0.00770073, 0.0284069, -0.00198087, -0.0926722, 0.225785, -0.0504649, -0.0386165, 0.137402
1685499881277528763, 0.999151, 0.0261839, -0.0143604, 0.0283858, -0.00185105, -0.0969016, 0.236844, -0.0449925, -0.0479278, 0.147399
1685499881378412247, 0.998696, 0.0286042, -0.0373289, 0.0198824, -0.000974714, -0.101902, 0.249295, -0.0407315, -0.0466077, 0.155871
1685499881479268074, 0.99786, 0.033579, -0.0551305, 0.0104078, -0.00115119, -0.107204, 0.259568, -0.044818, -0.0403253, 0.132329
1685499881580128908, 0.99679, 0.036648, -0.0708128, 0.00722414, -0.00119138, -0.111646, 0.268143, -0.0395137, -0.0314519, 0.112004
1685499881680976391, 0.995378, 0.037807, -0.0872878, 0.0132204, -0.000524646, -0.114365, 0.274923, -0.0273127, -0.0192576, 0.0949614
1685499881781848907, 0.993674, 0.0362631, -0.104295, 0.0204624, 0.00111408, -0.115393, 0.281786, -0.0169362, -0.004642, 0.101608
1685499881882695913, 0.991686, 0.0337292, -0.12188, 0.0238194, 0.0032299, -0.114266, 0.288945, -0.0075046, 0.00564682, 0.0922959
1685499881983577013, 0.989538, 0.0330473, -0.137455, 0.0287783, 0.00615829, -0.112786, 0.294852, 0.000724913, 0.00537008, 0.0695155
1685499882084521294, 0.991171, 0.0316217, -0.125285, 0.0297461, 0.00817043, -0.11097, 0.295345, -0.0067287, -0.00044506, 0.017064
1685499882185260057, 0.990959, 0.0294436, -0.127784, 0.0283668, 0.00972815, -0.109566, 0.294144, -0.00614219, -0.000585211, 0.00865666
1685499882286144733, 0.991193, 0.0301862, -0.12586, 0.0280051, 0.0108917, -0.108369, 0.291614, -0.00536215, -0.000424527, -0.00707744
1685499882387007236, 0.990767, 0.030839, -0.128763, 0.0291639, 0.0120111, -0.107874, 0.288971, -0.0130279, -0.0116876, -0.0140164
1685499882487852573, 0.989928, 0.0314799, -0.134607, 0.0305474, 0.0127738, -0.108185, 0.286412, 0.00185291, -0.0148218, -0.00155978
1685499882588700294, 0.98885, 0.0312542, -0.142961, 0.0275751, 0.0143699, -0.108014, 0.284573, -0.00405212, -0.0024737, -0.0233193
1685499882689569473, 0.988523, 0.0304666, -0.145654, 0.0260622, 0.0156055, -0.106614, 0.28096, -0.000247187, 0.0026555, -0.0385176
1685499882790413857, 0.987581, 0.0291393, -0.152126, 0.0263179, 0.0176577, -0.104803, 0.277879, 0.003004, 0.0106146, -0.0242034
1685499882891279221, 0.987531, 0.0273091, -0.153221, 0.0236511, 0.0194197, -0.103243, 0.275742, -0.00820221, 0.00411264, -0.0226454
1685499882992128849, 0.987263, 0.0269179, -0.154983, 0.0238274, 0.0207844, -0.101877, 0.27364, -2.04997e-06, 0.00731843, -0.0198852
1685499883092992306, 0.988198, 0.0251421, -0.148989, 0.0252017, 0.0220443, -0.100485, 0.270073, -0.0162054, 0.0034336, -0.0553522
1685499883193885326, 0.992785, 0.0223328, -0.115086, 0.0252056, 0.0206048, -0.0997036, 0.258924, -0.0283728, -0.00458108, -0.138042
1685499883294720650, 0.996902, 0.0198287, -0.071584, 0.0258454, 0.0188861, -0.10015, 0.24116, -0.0172587, -0.00800293, -0.169046
1685499883395565748, 0.998957, 0.0178643, -0.0345392, 0.0239437, 0.0148478, -0.101538, 0.227025, -0.00921914, -0.00550375, -0.160155
1685499883496443987, 0.999569, 0.0161645, -0.0059571, 0.0237754, 0.0114489, -0.102988, 0.214744, -0.00368219, -0.0100291, -0.156652
1685499883597286701, 0.999173, 0.0138366, 0.0294292, 0.0244082, 0.0100386, -0.104274, 0.200711, 0.00442019, -0.0181361, -0.171544
1685499883698149920, 0.997578, 0.0126642, 0.0631103, 0.0263495, 0.0102993, -0.10587, 0.184955, 0.00885206, -0.018775, -0.163421
1685499883799022675, 0.995645, 0.0122989, 0.0891059, 0.0244743, 0.0114671, -0.107083, 0.171574, 0.0133823, -0.0143502, -0.121636
1685499883899888515, 0.994151, 0.0120901, 0.105234, 0.0210648, 0.0126391, -0.107871, 0.162976, 0.0141813, -0.0073398, -0.0758421
1685499884000740767, 0.99355, 0.0120136, 0.111084, 0.0193375, 0.013333, -0.108331, 0.158548, 0.0136751, -0.00675198, -0.0468144
1685499884101599693, 0.992772, 0.0115517, 0.117878, 0.0193844, 0.0138904, -0.108163, 0.155403, 0.0097932, -0.00367514, -0.041825
1685499884202462673, 0.991736, 0.0106707, 0.125985, 0.0217437, 0.0143909, -0.107988, 0.152584, 0.00741139, -0.000757327, -0.0353263
1685499884303322315, 0.990791, 0.00937903, 0.133063, 0.0232176, 0.0145598, -0.107317, 0.151577, 0.00045447, 0.00304595, 0.00519489
1685499884404200077, 0.991448, 0.00955274, 0.128578, 0.0201933, 0.0137278, -0.106313, 0.155876, -0.0110197, 0.00458518, 0.0695891
1685499884505046844, 0.995119, 0.0105484, 0.096719, 0.0164822, 0.0115775, -0.105425, 0.168818, -0.00990671, 0.00242585, 0.151707
1685499884605901241, 0.998728, 0.0119862, 0.0458883, 0.0170995, 0.00994248, -0.104913, 0.188506, -5.70841e-05, 0.000672553, 0.176897
1685499884706747770, 0.999666, 0.0133134, 0.00419535, 0.0217678, 0.00820315, -0.104932, 0.20985, -0.00386048, -0.00297761, 0.177211
1685499884807661533, 0.999299, 0.0139636, -0.0260973, 0.0229295, 0.0067584, -0.106078, 0.229645, -0.00315847, -0.005316, 0.171062
1685499884908500195, 0.998248, 0.0136605, -0.0532338, 0.0219007, 0.00712685, -0.107248, 0.24785, 0.00333939, -0.010427, 0.148733
1685499885009362698, 0.99625, 0.0138958, -0.0828745, 0.0206317, 0.010911, -0.108, 0.262932, 0.0141192, -0.0084771, 0.138339
1685499885110218763, 0.993897, 0.016161, -0.107895, 0.016313, 0.0141843, -0.108534, 0.275755, 0.0106031, -0.00455218, 0.09815
1685499885211085796, 0.992439, 0.0186612, -0.120114, 0.0170343, 0.0149003, -0.108965, 0.28343, 0.00637939, -0.00506004, 0.0599467
1685499885311950922, 0.990998, 0.0194249, -0.130567, 0.022307, 0.0160636, -0.108971, 0.288426, 0.00677559, 6.4522e-05, 0.0389832
1685499885412776470, 0.990135, 0.0196239, -0.135933, 0.027733, 0.016837, -0.108629, 0.291935, 0.00344128, 0.00142254, 0.0376103
1685499885513759613, 0.988777, 0.0196204, -0.145251, 0.0289418, 0.0181861, -0.108019, 0.296327, 0.00784745, 0.00366032, 0.045777
1685499885614482403, 0.986743, 0.0200854, -0.15884, 0.026544, 0.0201011, -0.107132, 0.301332, 0.00573126, 0.00994563, 0.0427985
1685499885715362787, 0.985402, 0.0207088, -0.166418, 0.0293124, 0.0235418, -0.105202, 0.302334, 0.00391091, 0.00702065, 0.0188387
1685499885816227436, 0.985798, 0.0205058, -0.163391, 0.032945, 0.0250218, -0.103308, 0.300054, -0.00244204, 0.00716928, -0.0188242
1685499885917125225, 0.987269, 0.0205569, -0.154182, 0.0332303, 0.0252916, -0.101918, 0.293724, -0.0120365, 0.00217152, -0.0626276
1685499886017934799, 0.990505, 0.0199827, -0.132388, 0.0311961, 0.0238054, -0.100972, 0.282376, -0.0195835, 0.00975769, -0.111041
1685499886118797302, 0.994318, 0.0180581, -0.0998015, 0.0323228, 0.0213943, -0.100348, 0.267121, -0.0188246, 0.0144044, -0.147632
1685499886219665527, 0.997264, 0.0156934, -0.0657667, 0.0298914, 0.0157974, -0.100797, 0.252645, -0.0068718, 0.0114684, -0.148189
1685499886320507526, 0.998788, 0.013675, -0.0396742, 0.0257147, 0.011212, -0.100978, 0.237678, 0.00638848, 0.0172114, -0.178565
1685499886421379328, 0.999553, 0.0109473, -0.00429453, 0.0274869, 0.00873229, -0.100034, 0.218593, 0.00871616, 0.0211629, -0.203061
1685499886522260427, 0.999305, 0.00844361, 0.024071, 0.0271779, 0.00794269, -0.0992406, 0.200106, 0.0234221, 0.013757, -0.165951
1685499886623101473, 0.998565, 0.0063249, 0.0480345, 0.0228044, 0.00827778, -0.0987438, 0.184618, 0.0232721, 0.00959519, -0.142265
1685499886723943710, 0.99737, 0.00478025, 0.0696517, 0.0194894, 0.00942984, -0.0982525, 0.171091, 0.0299065, 0.00434479, -0.119628
1685499886824843407, 0.996352, 0.00433365, 0.0832089, 0.0184422, 0.0114618, -0.0980233, 0.16077, 0.0292239, -0.00245832, -0.0776986
1685499886925696373, 0.995811, 0.00664577, 0.0899161, 0.0152204, 0.0127924, -0.0982445, 0.155124, 0.0168332, 0.00272579, -0.0309005
1685499887026537895, 0.995489, 0.00752494, 0.0933662, 0.0151191, 0.0128796, -0.0986836, 0.154645, 0.00175585, -0.00248295, 0.0260629
1685499887127399921, 0.996377, 0.00723986, 0.0825438, 0.019147, 0.0114185, -0.0991667, 0.161393, -0.0163159, 0.00320849, 0.127301
1685499887228329182, 0.999077, 0.00805724, 0.0373076, 0.0197009, 0.00957749, -0.0985628, 0.181526, -0.00867723, 0.0150638, 0.239055
1685499887329154015, 0.999721, 0.00877367, -0.0113137, 0.0187705, 0.00637717, -0.0964557, 0.209289, -0.0026448, 0.0145194, 0.274983
1685499887429985046, 0.998339, 0.00982604, -0.0537576, 0.0182416, 0.00437041, -0.0950627, 0.238374, 0.013596, 0.0106683, 0.260968
1685499887530835152, 0.996618, 0.0101987, -0.079281, 0.0190768, 0.00546242, -0.0941192, 0.260727, 0.0181408, 0.00995643, 0.159046
1685499887631729126, 0.995808, 0.00881659, -0.0887729, 0.0202241, 0.00775919, -0.0933781, 0.272357, 0.0299777, 0.00967162, 0.0651364
1685499887732569456, 0.995509, 0.00796521, -0.0915929, 0.0225569, 0.0111597, -0.0921236, 0.276024, 0.0268637, 0.0177465, 0.0125573
1685499887833399296, 0.99604, 0.00441956, -0.0860257, 0.022016, 0.0141881, -0.0897459, 0.275697, 0.0272915, 0.0311389, -0.00282342
1685499887934262037, 0.996295, -0.00848676, -0.0835478, 0.0185658, 0.0184823, -0.0839581, 0.274598, 0.0654647, 0.0747631, 0.00530192
1685499888035136700, 0.995526, -0.0434974, -0.0818293, 0.0184235, 0.0290022, -0.0701091, 0.272983, 0.123519, 0.118645, -0.0240105
1685499888136019230, 0.991669, -0.101146, -0.076231, 0.0234853, 0.0445661, -0.0484078, 0.269656, 0.192353, 0.121531, -0.00696341
1685499888236876011, 0.982281, -0.171853, -0.0710482, 0.0233071, 0.0658332, -0.0223192, 0.266597, 0.214088, 0.0964485, -0.00375942
1685499888337743282, 0.968874, -0.239192, -0.0613241, 0.0175905, 0.0887108, 0.00573396, 0.263112, 0.215031, 0.0634911, -0.0215192
1685499888438580275, 0.95241, -0.300728, -0.04571, 0.0197086, 0.110868, 0.0317953, 0.254608, 0.198638, 0.0316583, -0.0583202
1685499888539473534, 0.932732, -0.358694, -0.0314993, 0.0188747, 0.134391, 0.0544054, 0.245613, 0.183422, -0.00788843, -0.0253856
1685499888640288115, 0.913247, -0.406435, -0.0223244, 0.0170906, 0.15592, 0.0744878, 0.240043, 0.149039, -0.000400178, -0.00541254
1685499888741158962, 0.89531, -0.444681, -0.0171153, 0.0196656, 0.175947, 0.0935899, 0.235381, 0.117195, 0.0314735, 9.35083e-05
1685499888842028856, 0.88267, -0.469673, -0.00763629, 0.0155473, 0.192421, 0.114834, 0.233346, 0.0606263, 0.0858333, 0.0277014
1685499888942874670, 0.880339, -0.474202, -0.0068379, 0.00949669, 0.20085, 0.138798, 0.232699, -0.00229046, 0.150826, 0.00367054
1685499889043741703, 0.887196, -0.461135, -0.0074473, 0.0135194, 0.200616, 0.164002, 0.229776, -0.0525263, 0.19865, -0.0153512
1685499889144602060, 0.902082, -0.431236, -0.00691861, 0.0153235, 0.192422, 0.187773, 0.229265, -0.103536, 0.247478, 0.0321085
1685499889245442390, 0.926743, -0.375232, -0.0164674, 0.00875927, 0.172964, 0.212102, 0.231931, -0.181532, 0.277419, 0.0282091
1685499889346320868, 0.952597, -0.30323, -0.0211348, 0.0128275, 0.147251, 0.233732, 0.231344, -0.251953, 0.244621, -0.0119163
1685499889447184086, 0.976577, -0.211389, -0.0324303, 0.0236872, 0.0936146, 0.239567, 0.228116, -0.308124, 0.185945, 0.00907951
1685499889548045158, 0.992438, -0.116267, -0.0340831, 0.0196653, 0.02866, 0.236479, 0.228036, -0.294167, 0.122395, 0.0216438
1685499889648905754, 0.999096, -0.0269994, -0.0294798, 0.0144395, -0.0243876, 0.220546, 0.227552, -0.277409, 0.0550705, 0.00268579
1685499889749782562, 0.997923, 0.0570413, -0.0251038, 0.0163149, -0.0638536, 0.197161, 0.224689, -0.249462, 0.0219383, -0.00529909
1685499889850626469, 0.990593, 0.133849, -0.0228952, 0.0169311, -0.0925123, 0.169879, 0.222754, -0.213154, -0.00812947, 0.0261982
1685499889951512337, 0.979662, 0.199272, -0.0212227, 0.0101476, -0.110393, 0.139923, 0.223747, -0.184294, -0.0277103, 0.0528024
1685499890052354813, 0.963634, 0.265796, -0.0272371, 0.00459511, -0.125728, 0.107081, 0.225431, -0.168, -0.0495557, 0.0436251
1685499890153190613, 0.944788, 0.326592, -0.0260693, 0.00580007, -0.127473, 0.0755654, 0.22484, -0.102234, -0.0655293, 0.00770998
1685499890254081249, 0.924317, 0.380996, -0.0199732, 0.00898113, -0.114002, 0.0423489, 0.221612, -0.0564208, -0.0766096, -0.0187412
1685499890354923248, 0.902768, 0.429274, -0.0260756, 0.00736058, -0.0989406, 0.0148949, 0.219063, -0.0183712, -0.0437368, 0.002025
1685499890455786228, -0.884553, -0.464946, 0.0372809, 0.0012112, -0.0342637, 0.0125983, 0.224754, 0.0506705, -0.028872, 0.000780806
1685499890556643486, -0.866334, -0.498402, 0.0316484, 0.00773821, 0.0271535, 0.0212668, 0.228475, 0.0947802, -0.0191083, -0.0290438
1685499890657516003, -0.851184, -0.52407, 0.0280515, 0.00702976, 0.0900362, 0.0491388, 0.234066, 0.147701, 0.0364452, -0.0194034
1685499890758360386, -0.843517, -0.536488, 0.0254794, 0.00321407, 0.149938, 0.0770486, 0.239484, 0.179605, 0.0924203, -0.0112338
1685499890859234095, -0.842876, -0.537569, 0.024072, 0.000879909, 0.205258, 0.105089, 0.244563, 0.203595, 0.143335, -0.00984241
1685499890960105896, 0.852211, 0.522765, -0.021266, 0.00020979, 0.251116, 0.123233, 0.250377, 0.220604, 0.201656, 0.0257249
1685499891060948610, -0.87309, -0.486782, 0.0274238, 0.00233889, 0.293276, 0.155167, 0.258666, 0.275139, 0.253447, 0.0579575
1685499891161821842, -0.897841, -0.438526, 0.039226, 0.00615865, 0.330708, 0.191078, 0.266688, 0.30327, 0.297762, 0.035785
1685499891262756348, -0.921194, -0.387068, 0.0391308, 0.00697451, 0.361697, 0.228739, 0.269958, 0.319501, 0.325462, 0.0166464
1685499891363485336, -0.94367, -0.32898, 0.0317955, 0.0157568, 0.387049, 0.268387, 0.273111, 0.349846, 0.321871, 0.0220562
1685499891464380264, -0.960428, -0.275322, 0.038193, 0.0178154, 0.408729, 0.308506, 0.276784, 0.362152, 0.332521, 0.0478026
1685499891565215349, -0.972113, -0.228914, 0.0476987, 0.0178808, 0.425879, 0.345963, 0.280732, 0.359241, 0.328203, 0.02096
1685499891666108370, -0.980619, -0.189441, 0.04896, 0.0100997, 0.440096, 0.380411, 0.281922, 0.34506, 0.322124, -0.00040065
1685499891766965866, -0.987759, -0.149764, 0.0436293, 0.000201077, 0.451994, 0.413264, 0.280965, 0.338158, 0.319713, -0.0234931
1685499891867831230, 0.994096, 0.102887, -0.0341847, 0.00431882, 0.464492, 0.446892, 0.279479, 0.357838, 0.307103, -0.0172076
1685499891968693018, 0.998123, 0.0499526, -0.0354061, 0.000870279, 0.478931, 0.479285, 0.280045, 0.369892, 0.307492, 0.0270637
1685499892069535255, -0.999294, 0.00697038, 0.035114, 0.0114114, 0.493982, 0.510901, 0.283273, 0.376111, 0.281368, 0.0288871
1685499892170403004, -0.997545, 0.0651596, 0.0203214, 0.0156647, 0.50826, 0.539066, 0.284696, 0.355177, 0.261968, -0.00639799
1685499892271265507, -0.992645, 0.120023, 0.00864757, 0.0132707, 0.527144, 0.552119, 0.283933, 0.347885, 0.240379, -0.0276322
1685499892372143745, -0.984999, 0.172434, -0.00125351, 0.00641583, 0.545347, 0.562451, 0.280922, 0.333875, 0.204388, -0.0514145
1685499892472969055, 0.974268, -0.225068, 0.0114744, 0.00377716, 0.564113, 0.569728, 0.275063, 0.323725, 0.176032, -0.0719119
1685499892573856354, 0.961519, -0.274407, 0.0102208, 0.00875692, 0.580529, 0.577838, 0.270315, 0.320332, 0.201612, -0.0312012
1685499892674716473, 0.945893, -0.324421, 0.00542087, 0.00282728, 0.598685, 0.587099, 0.271574, 0.313477, 0.187504, 0.0185937
1685499892775550604, -0.927164, 0.374587, -0.00392726, 0.00596252, 0.618034, 0.59351, 0.274887, 0.28284, 0.166764, 0.0178428
1685499892876445055, -0.909231, 0.416057, -0.00463772, 0.0131674, 0.63597, 0.595428, 0.27894, 0.254473, 0.156712, 0.0363405
1685499892977271080, -0.893005, 0.449617, 0.00611427, 0.018663, 0.654339, 0.5963, 0.283249, 0.233865, 0.171931, 0.0258956
1685499893078156948, -0.879991, 0.474598, 0.0136132, 0.0136908, 0.668949, 0.598374, 0.285134, 0.20738, 0.172095, -0.0252291
1685499893179005146, 0.868901, -0.494909, -0.00697212, 0.00526508, 0.68194, 0.600669, 0.280867, 0.182168, 0.18739, -0.0449618
1685499893279857874, 0.862095, -0.506529, -0.000802128, 0.0148331, 0.69149, 0.603274, 0.277777, 0.161919, 0.186031, -0.0127108
1685499893380717039, 0.85791, -0.513635, 0.00461505, 0.0121897, 0.69909, 0.606488, 0.278132, 0.112438, 0.207863, 0.00919821
1685499893481588364, 0.860566, -0.509206, 0.00648515, 0.00967359, 0.701222, 0.611284, 0.279198, 0.0713783, 0.20448, 0.00936761
1685499893582468987, 0.869315, -0.494233, -0.00133181, 0.00480527, 0.696271, 0.616973, 0.28001, 0.00488225, 0.231287, 0.000251528
1685499893683274746, 0.884569, -0.466371, -0.00313344, 0.00505607, 0.683098, 0.622276, 0.27989, -0.0487645, 0.232974, -0.00942443
1685499893784132719, 0.90495, -0.425431, 0.00361549, 0.00776648, 0.663498, 0.62428, 0.280082, -0.0951755, 0.22496, 0.00304525
1685499893885021687, 0.92619, -0.376743, 0.0137752, 0.00682769, 0.638865, 0.623137, 0.282423, -0.132775, 0.218306, 0.0443502
1685499893985902786, 0.948326, -0.317178, 0.00869094, 0.000719308, 0.607875, 0.618292, 0.287231, -0.170758, 0.169872, 0.057569
1685499894086744785, 0.966665, -0.255884, 0.0081749, 0.00395311, 0.575679, 0.606096, 0.28995, -0.171072, 0.106608, 0.0356501
1685499894187618732, 0.980268, -0.197657, -0.000136865, 0.00229245, 0.538608, 0.581331, 0.294815, -0.185934, 0.0237054, 0.0544421
1685499894288460255, -0.989866, 0.141262, 0.0144933, 0.00101566, 0.505384, 0.546419, 0.301194, -0.198419, -0.0465107, 0.0669362
1685499894389314651, -0.996643, 0.081087, 0.0109312, 0.00282399, 0.468608, 0.510061, 0.304978, -0.220174, -0.100827, 0.04924
1685499894490211010, -0.999794, 0.0170609, 0.0108807, 0.00135304, 0.434428, 0.471415, 0.30797, -0.200538, -0.162281, 0.0710766
1685499894591055632, 0.998942, 0.0405159, -0.0216238, 0.00246862, 0.41598, 0.448316, 0.312486, -0.191457, -0.19423, 0.0585145
1685499894691960812, -0.994806, -0.100121, 0.0183234, 0.000802543, 0.398174, 0.423051, 0.317223, -0.198919, -0.212727, 0.0583228
1685499894792765617, -0.986108, -0.165304, 0.0150759, 0.00625428, 0.381063, 0.397888, 0.319942, -0.20431, -0.205566, 0.0289559
1685499894893623114, -0.970109, -0.242451, 0.00715534, 0.00744286, 0.363203, 0.372516, 0.317403, -0.215112, -0.225322, -0.0174475
1685499894994490623, -0.950927, -0.309365, 0.00522497, 0.00208882, 0.349771, 0.342193, 0.312855, -0.176474, -0.254418, -0.0270329
1685499895095338345, 0.931992, 0.362286, -0.0115139, 0.00272716, 0.346725, 0.311422, 0.310162, -0.128845, -0.240246, 0.0136689
1685499895196207523, 0.91174, 0.410502, -0.0146882, 0.00129911, 0.346139, 0.282523, 0.308593, -0.112258, -0.220475, -0.00508118
1685499895297091961, -0.891897, -0.451664, 0.0224899, 0.0036281, 0.346977, 0.257665, 0.307159, -0.0977461, -0.171426, -0.00457139
1685499895397938490, -0.877456, -0.479075, 0.0232464, 0.00416665, 0.349484, 0.237561, 0.303294, -0.0779158, -0.152145, -0.0378589
1685499895498794317, 0.867978, 0.496207, -0.0196628, 0.00236863, 0.354228, 0.221525, 0.297875, -0.0385295, -0.120696, -0.0315438
1685499895599652052, 0.864432, 0.502295, -0.0204813, 0.00609596, 0.360291, 0.209861, 0.294565, -0.0434769, -0.102149, -0.0171092
1685499895700492859, 0.865316, 0.500843, -0.0185794, 0.00629623, 0.367414, 0.201083, 0.291458, -0.0407952, -0.105195, -0.0148483
1685499895801379442, 0.87207, 0.489148, -0.0146624, 0.00351003, 0.373516, 0.194742, 0.288829, -0.0312374, -0.0961173, -0.0198145
1685499895902203083, 0.887647, 0.460394, -0.0110057, 8.85459e-05, 0.380437, 0.194328, 0.286629, -0.00486229, -0.0549601, -0.0158661
1685499896003127337, -0.905079, -0.425133, 0.00662946, 0.00705145, 0.389403, 0.197519, 0.285673, 0.0272591, -0.0424032, 0.0100536
1685499896103944778, -0.92104, -0.388992, 0.00983897, 0.0165575, 0.398546, 0.202656, 0.287171, 0.0404808, -0.0449299, 0.0332795
1685499896204823971, -0.934848, -0.353286, 0.0272986, 0.0224072, 0.406281, 0.209376, 0.28999, 0.0373434, -0.0393003, 0.0191086
1685499896305687666, -0.94697, -0.319569, 0.023044, 0.0243255, 0.412803, 0.216261, 0.28917, 0.0263632, -0.0399647, -0.0133593
1685499896406591177, -0.959801, -0.279272, 0.0156047, 0.0233547, 0.419147, 0.226187, 0.286757, 0.0386272, -0.0248807, -0.0177589
1685499896507375240, -0.973484, -0.227471, 0.0141209, 0.019633, 0.427838, 0.239874, 0.284031, 0.0640455, -0.0286707, -0.0326258
1685499896608239651, -0.984983, -0.171324, 0.0120389, 0.0176414, 0.439953, 0.255568, 0.281031, 0.0874783, -0.0104873, -0.0171962
1685499896709120274, -0.993027, -0.114837, 0.0104402, 0.0244998, 0.452904, 0.269588, 0.280869, 0.101049, -0.00818539, 0.00803001
1685499896809974670, -0.997393, -0.0618337, 0.0158237, 0.0336657, 0.457538, 0.294285, 0.283494, 0.0452293, -0.0094756, 0.00521202
1685499896910846233, -0.999044, -0.0259727, 0.010726, 0.0334897, 0.455232, 0.317383, 0.282658, -0.00658019, 0.00879559, -0.0257675
1685499897011700153, -0.999672, -0.00140652, 0.00276701, 0.0254298, 0.450079, 0.334955, 0.27944, 0.00486176, 0.0161523, -0.0316134
1685499897112539768, -0.999507, 0.0247886, -0.00042654, 0.0192896, 0.444042, 0.331119, 0.276487, -0.0170684, -0.00299042, -0.0300143
1685499897213426113, -0.998963, 0.0438436, -0.00347547, 0.0118054, 0.439009, 0.32972, 0.274578, -0.0429874, -0.00468559, -0.00669272
1685499897314291477, -0.998477, 0.054195, 0.00320338, 0.00984489, 0.435204, 0.328596, 0.275916, -0.0415726, -0.0166555, 0.0218091
1685499897415117264, -0.99811, 0.0601057, 0.00748742, 0.0103874, 0.430323, 0.327237, 0.275088, -0.0759919, -0.0342655, -0.0538798
1685499897515982866, -0.99816, 0.0602807, 0.0040575, 0.00510585, 0.423917, 0.325479, 0.263613, -0.0868225, -0.0288529, -0.184444
1685499897616826534, -0.998289, 0.0582982, 0.00445123, 0.0010076, 0.418102, 0.324016, 0.244073, -0.0847353, -0.0329491, -0.238133
1685499897717705250, 0.998378, -0.0562813, -0.00817478, 0.00254986, 0.413106, 0.322631, 0.223094, -0.0830995, -0.0314054, -0.257748
1685499897818555593, 0.998452, -0.0553648, 0.00133168, 0.00524156, 0.409603, 0.321569, 0.203176, -0.0763168, -0.0299369, -0.252697
1685499897919423103, 0.998348, -0.0555157, 0.0120754, 0.00854803, 0.407158, 0.320589, 0.184113, -0.0668369, -0.0338747, -0.256221
1685499898020308018, 0.998171, -0.0554988, 0.0220279, 0.00947889, 0.405569, 0.319526, 0.166344, -0.060573, -0.0369719, -0.247997
1685499898121142864, 0.998179, -0.055007, 0.023678, 0.00716527, 0.404753, 0.317978, 0.151092, -0.053902, -0.0476817, -0.242735
1685499898221995354, 0.997879, -0.0517334, 0.0385539, 0.0086224, 0.405358, 0.315823, 0.136899, -0.0342443, -0.0464876, -0.220341
1685499898322866917, 0.997682, -0.049654, 0.0450031, 0.0118576, 0.407455, 0.313709, 0.129239, -0.0197421, -0.0509288, -0.118274
1685499898423726559, 0.997713, -0.0480101, 0.0457945, 0.0129156, 0.409487, 0.311513, 0.133203, -0.0250174, -0.0483928, 0.0128696
1685499898524561882, 0.998193, -0.0454526, 0.0370646, 0.0130442, 0.409644, 0.310047, 0.148456, -0.0403969, -0.0437605, 0.122586
1685499898625406742, 0.998535, -0.0425133, 0.0315743, 0.0111335, 0.408828, 0.309026, 0.17402, -0.0411571, -0.0382198, 0.244624
1685499898726285458, 0.999019, -0.0381948, 0.019898, 0.0102871, 0.407729, 0.308745, 0.208864, -0.0384183, -0.0319946, 0.344786
1685499898827149630, 0.999371, -0.0339748, 0.00693637, 0.00738135, 0.407804, 0.308317, 0.249525, -0.0255212, -0.0343332, 0.403023
1685499898928030968, 0.999526, -0.0298042, 0.00482819, 0.00594425, 0.410252, 0.306863, 0.290221, -0.0109865, -0.0401755, 0.406553
1685499899028917313, 0.999546, -0.0279277, -0.00595331, 0.00961142, 0.414146, 0.304282, 0.328565, 0.00200932, -0.0488304, 0.406354
1685499899129760742, 0.999461, -0.0255277, -0.0166119, 0.0122325, 0.419084, 0.30122, 0.364026, 0.00808361, -0.0455003, 0.398306
1685499899230594873, 0.999384, -0.0233056, -0.0233033, 0.012073, 0.4243, 0.297987, 0.396872, 0.0170048, -0.0547316, 0.396827
1685499899331461430, 0.998633, -0.0228625, -0.0465064, 0.00686362, 0.430306, 0.29464, 0.428436, 0.0472571, -0.0545334, 0.37921
1685499899432335377, 0.997372, -0.0194598, -0.0697855, 0.000687706, 0.435823, 0.29347, 0.452507, 0.0378758, -0.0411566, 0.265818
1685499899533191204, -0.997082, 0.0160781, 0.0746204, 0.00100261, 0.438596, 0.293468, 0.46028, 0.0181248, -0.0314775, 0.0693062
1685499899634081125, 0.997497, -0.0149424, -0.0690244, 0.0034452, 0.439935, 0.294485, 0.447397, 0.00187814, -0.020742, -0.139427
1685499899734899044, 0.997904, -0.0130695, -0.0630222, 0.00667891, 0.438892, 0.296604, 0.42009, -0.0247724, -0.00618961, -0.24464
1685499899835752010, 0.998138, -0.0134317, -0.0589698, 0.00791646, 0.437646, 0.299797, 0.388339, -0.00649018, 0.0125383, -0.265421
1685499899936646938, 0.998163, -0.0172266, -0.058009, 0.00311059, 0.437694, 0.303935, 0.357038, -0.0146061, 0.0161274, -0.292531
1685499900037577629, -0.998408, 0.0179208, 0.0534753, 0.00123275, 0.43707, 0.308052, 0.324387, -0.0153305, 0.0101, -0.328179
1685499900138366699, -0.999004, 0.0160958, 0.0415971, 0.000838176, 0.436191, 0.308817, 0.289364, -0.0179033, 0.00892873, -0.365514
1685499900239204407, 0.999554, -0.0168455, -0.0240618, 0.00543598, 0.436089, 0.308891, 0.254637, -0.0128237, -0.00310858, -0.343284
1685499900340056896, 0.999554, -0.0193003, -0.0199911, 0.0109572, 0.438101, 0.308843, 0.226723, 0.0181029, -5.14994e-05, -0.269112
1685499900440930367, 0.999559, -0.0230484, -0.0174417, 0.00683377, 0.441737, 0.309712, 0.206965, 0.0300914, -0.00490837, -0.215874
1685499900541790485, 0.999731, -0.0231007, -0.000941313, 0.00165733, 0.445808, 0.310686, 0.191727, 0.0396956, 0.00560401, -0.177513
1685499900642662048, 0.999593, -0.0220351, 0.0168385, 0.0067535, 0.449136, 0.312363, 0.184434, 0.0309249, 0.00747582, -0.0484265
1685499900743503571, 0.999476, -0.0221186, 0.019602, 0.0132164, 0.451175, 0.313816, 0.194263, 0.0139275, 0.0109833, 0.16161
1685499900844356537, 0.999635, -0.0201225, 0.0105604, 0.0146292, 0.451652, 0.315218, 0.221402, 0.0022284, 0.0166999, 0.310021
1685499900945213795, 0.999683, -0.0187557, 0.00981986, 0.0136087, 0.451731, 0.315941, 0.256256, 0.0040924, 0.0042171, 0.364842
1685499901046094894, 0.999667, -0.0192057, 0.0116837, 0.0126918, 0.452141, 0.315544, 0.292955, 0.00996871, -0.00315765, 0.400175
1685499901146972179, 0.99971, -0.0192981, -0.00712609, 0.0125564, 0.45301, 0.314368, 0.331857, 0.0295149, -0.00947079, 0.423249
1685499901247823477, 0.999172, -0.018283, -0.0321978, 0.0168883, 0.454193, 0.312363, 0.363862, 0.025466, -0.0130449, 0.273299
1685499901348802567, 0.999127, -0.0158839, -0.0329236, 0.0202215, 0.454572, 0.311012, 0.376408, 0.0248198, 0.0160695, 0.089804
1685499901449542761, 0.999233, -0.014587, -0.031359, 0.0183719, 0.457318, 0.313395, 0.375139, 0.0613102, 0.0659288, 0.00179643
1685499901550406456, 0.999452, -0.0169768, -0.0246948, 0.0140441, 0.460918, 0.318946, 0.368314, 0.0449512, 0.103806, -0.0374542
1685499901651268959, 0.999524, -0.0209397, -0.0176524, 0.0141843, 0.465393, 0.327011, 0.359896, 0.0524294, 0.146245, -0.0343445
1685499901752210140, 0.999345, -0.0249918, -0.0225346, 0.0133232, 0.472462, 0.338675, 0.353915, 0.0776041, 0.202495, -0.0172035
1685499901852982044, 0.999171, -0.0305251, -0.0246326, 0.0109415, 0.48265, 0.352553, 0.348351, 0.0886401, 0.21546, -0.0345099
1685499901953843117, 0.998914, -0.0367742, -0.024423, 0.0148841, 0.49328, 0.365957, 0.341554, 0.0795476, 0.238512, -0.0437082
1685499902054697037, 0.998515, -0.0458595, -0.0241188, 0.0168138, 0.510706, 0.381174, 0.335535, 0.0932249, 0.286499, -0.0302383
1685499902155579090, 0.997818, -0.0598721, -0.0256416, 0.0108377, 0.533501, 0.396121, 0.331318, 0.129124, 0.301834, -0.00643241
1685499902256412029, -0.996469, 0.079744, 0.0260551, 0.00349432, 0.559081, 0.410079, 0.328487, 0.136551, 0.282513, -0.00879153
1685499902357262135, -0.994668, 0.100045, 0.020827, 0.0138932, 0.589317, 0.417055, 0.324692, 0.137074, 0.207548, -0.0126518
1685499902458152771, -0.992605, 0.116296, 0.0283907, 0.0201087, 0.617688, 0.4153, 0.321656, 0.125424, 0.117722, -0.0209762
1685499902559012413, -0.99133, 0.125876, 0.0339445, 0.0163672, 0.642, 0.403712, 0.316527, 0.117961, -0.0113903, -0.0394101
1685499902659869194, -0.990476, 0.133031, 0.032424, 0.0144555, 0.659261, 0.377812, 0.31267, 0.0777339, -0.193632, -0.00959493
1685499902760715485, -0.990295, 0.134717, 0.0320127, 0.0119367, 0.666812, 0.340664, 0.311311, 0.0162071, -0.349892, 0.00209097
1685499902861559153, -0.990664, 0.131517, 0.0351663, 0.00720515, 0.662492, 0.297973, 0.311917, -0.0162716, -0.471704, 0.0382489
1685499902962428093, -0.99135, 0.126091, 0.0349425, 0.010271, 0.648591, 0.257228, 0.315223, -0.045561, -0.541738, 0.0459876
1685499903063380718, -0.992129, 0.119253, 0.0357769, 0.0133539, 0.632874, 0.219513, 0.317815, -0.0627108, -0.577155, 0.030601
1685499903164167166, -0.992241, 0.117025, 0.0403751, 0.0115335, 0.615176, 0.18945, 0.318202, -0.0642401, -0.557358, 0.00636593
1685499903265020609, -0.991282, 0.126038, 0.0379452, 0.00583243, 0.587458, 0.169312, 0.317228, -0.0729873, -0.53122, -0.000963141
1685499903365882397, -0.989477, 0.141587, 0.0297486, 0.00196764, 0.557039, 0.159111, 0.315924, -0.0879481, -0.477412, 0.000848691
1685499903466749668, -0.987753, 0.154572, 0.0212202, 0.00142803, 0.522662, 0.16046, 0.314296, -0.0987833, -0.377318, 0.00208541
1685499903567600250, -0.98579, 0.167006, 0.0177061, 0.00366608, 0.487201, 0.175013, 0.312202, -0.116234, -0.283904, -0.0201573
1685499903668475628, -0.984482, 0.174994, 0.0121061, 0.00511653, 0.454081, 0.208156, 0.309145, -0.122777, -0.189218, -0.0298495
1685499903769315004, -0.983631, 0.17983, 0.0106927, 0.00417212, 0.424617, 0.256338, 0.305931, -0.132221, -0.0921678, -0.0253369
1685499903870189667, 0.98253, -0.185557, -0.014286, 0.000446503, 0.39811, 0.305287, 0.303375, -0.110065, 0.00601279, -0.0221133
1685499903971042156, 0.981289, -0.192087, -0.0121095, 0.00525282, 0.379867, 0.355723, 0.301352, -0.0334327, 0.149578, -0.0211997
1685499904071889877, 0.980464, -0.195832, -0.0147709, 0.01105, 0.371412, 0.409403, 0.298756, 0.0215658, 0.297368, -0.0224571
1685499904172769070, 0.97985, -0.198714, -0.0132791, 0.0151573, 0.369153, 0.464845, 0.29743, 0.0591385, 0.416565, -0.0110163
1685499904273628950, 0.979499, -0.199638, -0.0172957, 0.0206614, 0.373567, 0.517939, 0.29771, 0.0942411, 0.482062, 0.0181235
1685499904374487877, 0.978057, -0.20494, -0.0314649, 0.0203214, 0.385441, 0.563342, 0.300718, 0.113036, 0.509832, 0.0360164
1685499904475326777, 0.976354, -0.212149, -0.0383378, 0.0160094, 0.400035, 0.603495, 0.303513, 0.127071, 0.533989, 0.0131531
1685499904576208830, 0.973605, -0.224597, -0.0392385, 0.0105082, 0.420391, 0.637813, 0.303274, 0.130059, 0.537019, -0.0173769
1685499904677064896, 0.970043, -0.240375, -0.0347628, 0.00532288, 0.442873, 0.666207, 0.30123, 0.142429, 0.52419, -0.0198557
1685499904777895451, -0.965754, 0.25762, 0.0308519, 9.90017e-05, 0.466869, 0.688245, 0.299087, 0.149966, 0.486554, -0.0240351
1685499904878793716, -0.961008, 0.2744, 0.0341583, 0.000780849, 0.494489, 0.703747, 0.296203, 0.14728, 0.449877, -0.0396445
1685499904979673624, 0.956914, -0.288537, -0.0323921, 0.00356097, 0.521499, 0.714805, 0.291776, 0.150245, 0.427731, -0.0516997
1685499905080466747, 0.952861, -0.302227, -0.0263169, 0.00462899, 0.550056, 0.722196, 0.287333, 0.161245, 0.372092, -0.0496786
1685499905181366920, 0.947557, -0.318641, -0.0245252, 0.00169858, 0.580583, 0.723543, 0.285052, 0.164098, 0.306204, -0.0121784
1685499905282191992, -0.941926, 0.334994, 0.0233539, 0.00300373, 0.607729, 0.71593, 0.285019, 0.1507, 0.256513, -0.00404609
1685499905383093357, -0.936957, 0.348633, 0.0236986, 0.00204115, 0.630581, 0.705475, 0.285767, 0.1327, 0.222966, -0.000992138
1685499905483952761, -0.93299, 0.358811, 0.0279954, 0.00105418, 0.651854, 0.690453, 0.286832, 0.120446, 0.168258, 0.00585555
1685499905584775448, -0.929967, 0.366693, 0.0260646, 0.00435277, 0.668009, 0.670928, 0.288115, 0.0640537, 0.0614729, 0.002857
1685499905685644865, -0.926322, 0.375796, 0.0255789, 0.00715726, 0.674894, 0.642862, 0.288739, -0.0262312, -0.0835943, 0.00712008
1685499905786514282, -0.923044, 0.383435, 0.0291201, 0.0108971, 0.668757, 0.604834, 0.290221, -0.134392, -0.195091, 0.0155845
1685499905887381077, -0.923547, 0.382634, 0.0243206, 0.00780759, 0.651723, 0.56559, 0.291282, -0.19318, -0.257209, 0.00856547
1685499905988219261, -0.925517, 0.377186, 0.0305894, 0.0145973, 0.631399, 0.532885, 0.294051, -0.231213, -0.29987, 0.0358401
1685499906089109898, -0.927365, 0.372036, 0.0316811, 0.0240958, 0.609724, 0.504182, 0.29707, -0.254175, -0.315406, 0.015015
1685499906189935684, -0.929036, 0.367414, 0.0358564, 0.0247692, 0.58287, 0.48141, 0.297621, -0.2602, -0.338316, -0.00120521
1685499906290832043, -0.928987, 0.367061, 0.0430241, 0.0199579, 0.555129, 0.461688, 0.297276, -0.258366, -0.347167, -6.74159e-05
1685499906391682625, -0.927429, 0.371132, 0.0443699, 0.0129295, 0.527292, 0.446972, 0.297254, -0.246337, -0.320174, -0.00211085
1685499906492516041, -0.925265, 0.376918, 0.041882, 0.00796843, 0.499673, 0.439013, 0.29714, -0.209422, -0.266409, 0.000144851
1685499906593412876, -0.923356, 0.38184, 0.0388748, 0.0100015, 0.473926, 0.440224, 0.297572, -0.173966, -0.196932, 0.000502921
1685499906694260359, -0.92038, 0.389003, 0.0384658, 0.00993032, 0.452175, 0.444973, 0.297744, -0.13905, -0.18513, -0.00811566
1685499906795122147, -0.916041, 0.39903, 0.0400684, 0.00619321, 0.431091, 0.449151, 0.296232, -0.141408, -0.16218, -0.021617
1685499906895977020, -0.913422, 0.405657, 0.0324847, 0.00684925, 0.412889, 0.455765, 0.294952, -0.120087, -0.118011, -0.0167729
1685499906996839046, -0.913467, 0.406153, 0.024438, 0.00444063, 0.395294, 0.46694, 0.292536, -0.0672233, -0.0480782, -0.0427521
1685499907097694397, -0.914622, 0.403013, 0.0323493, 0.000613433, 0.387654, 0.4843, 0.290036, 0.0418892, 0.0831905, -0.0158293
1685499907198520660, 0.916076, -0.399772, -0.0310094, 0.00505982, 0.390738, 0.509177, 0.289951, 0.127589, 0.166066, -0.0143623
1685499907299382687, 0.917107, -0.395959, -0.0453964, 0.00844105, 0.403506, 0.531484, 0.29069, 0.206014, 0.223627, 0.0230734
1685499907400298595, -0.916012, 0.396545, 0.0605729, 0.0022097, 0.422194, 0.554408, 0.29499, 0.242149, 0.275838, 0.0345794
1685499907501141548, -0.913949, 0.401683, 0.0570464, 0.00964431, 0.443536, 0.57691, 0.297896, 0.257248, 0.302786, 0.00619177
1685499907602010965, -0.910388, 0.410175, 0.0527793, 0.0128092, 0.468866, 0.597748, 0.297519, 0.257008, 0.306396, -0.0193321
1685499907702886105, -0.905833, 0.421398, 0.0420367, 0.0110894, 0.49524, 0.613158, 0.295465, 0.255159, 0.285203, -0.0300588
1685499907803694248, -0.899299, 0.435394, 0.0401441, 0.00905343, 0.520898, 0.62313, 0.294805, 0.267801, 0.269988, 0.00537647
1685499907904570341, -0.893532, 0.446641, 0.0426184, 0.0172022, 0.546969, 0.629885, 0.294972, 0.255103, 0.253421, -0.0115684
1685499908005454063, -0.888744, 0.456858, 0.033235, 0.0176088, 0.572586, 0.630949, 0.292199, 0.240832, 0.230664, -0.0383684
1685499908106274605, -0.884353, 0.465857, 0.0263251, 0.0142995, 0.597747, 0.628916, 0.287676, 0.218306, 0.187316, -0.0432533
1685499908207164049, -0.880874, 0.472489, 0.0260062, 0.0117766, 0.619388, 0.62466, 0.284449, 0.209811, 0.161755, -0.0271963
1685499908307983398, -0.87586, 0.481637, 0.0272806, 0.0122794, 0.642232, 0.617784, 0.283943, 0.18571, 0.1202, 0.00561115
1685499908408883095, -0.868428, 0.494895, 0.0270635, 0.0133697, 0.663968, 0.605676, 0.284783, 0.159099, 0.0801682, 0.00294225
1685499908509746552, -0.860586, 0.508455, 0.028051, 0.00886517, 0.68407, 0.586694, 0.283458, 0.14668, 0.0473325, -0.0170574
1685499908610589266, -0.855449, 0.517086, 0.0286448, 0.00297719, 0.702204, 0.567398, 0.28122, 0.110379, 0.014062, -0.0208902
1685499908711476326, -0.851074, 0.524416, 0.0255073, 0.00299208, 0.713046, 0.544832, 0.280564, 0.0244903, -0.0732963, 0.0132014
1685499908812285900, -0.847342, 0.530425, 0.0253824, 0.00409008, 0.714123, 0.521151, 0.281375, -0.0875213, -0.146872, 0.00939237
1685499908913160086, -0.843974, 0.535621, 0.0269644, 0.00954702, 0.701924, 0.491804, 0.284541, -0.209926, -0.235175, 0.0469402
1685499909014050722, -0.842657, 0.537704, 0.0257919, 0.011745, 0.678632, 0.463064, 0.28877, -0.282042, -0.265645, 0.0590186
1685499909114901543, -0.842132, 0.538341, 0.0226192, 0.022154, 0.651263, 0.436482, 0.295076, -0.317491, -0.288569, 0.0725712
1685499909215749741, -0.843479, 0.535527, 0.0215774, 0.0358854, 0.619047, 0.414901, 0.300184, -0.308989, -0.286229, 0.0407438
1685499909316628218, -0.845739, 0.531425, 0.0280405, 0.039066, 0.586872, 0.409737, 0.301002, -0.300405, -0.266256, -0.00266107
1685499909417461872, -0.845947, 0.531118, 0.0343469, 0.0332767, 0.560557, 0.408451, 0.300215, -0.269383, -0.246751, 0.00482048
1685499909518335342, -0.840894, 0.539239, 0.0379946, 0.0259838, 0.536715, 0.415754, 0.301349, -0.236745, -0.227687, 0.0189691
1685499909619195461, -0.835459, 0.547681, 0.0384117, 0.0240376, 0.517509, 0.424427, 0.303456, -0.202771, -0.20366, 0.0192531
1685499909720069885, -0.833798, 0.550576, 0.0343593, 0.0215928, 0.500021, 0.435435, 0.304085, -0.181301, -0.180591, -0.00361372
1685499909820946217, -0.833657, 0.551074, 0.0277646, 0.0237004, 0.479784, 0.447315, 0.302674, -0.195885, -0.158328, -0.0251218
1685499909921771049, -0.834691, 0.549674, 0.0251099, 0.0227978, 0.460547, 0.461904, 0.299737, -0.147523, -0.107024, -0.0383184
1685499910022610188, -0.836963, 0.546243, 0.0254689, 0.0215264, 0.448896, 0.479439, 0.29626, -0.0191703, -0.0234519, -0.0399592
1685499910123624802, -0.839507, 0.542229, 0.0258513, 0.0233904, 0.450271, 0.500962, 0.292915, 0.111285, 0.0565457, -0.0367285
1685499910224352360, -0.841411, 0.538934, 0.0283272, 0.0278352, 0.462737, 0.523602, 0.290716, 0.217632, 0.112429, -0.0286647
1685499910325210094, -0.841904, 0.537945, 0.0305066, 0.0296869, 0.483042, 0.546261, 0.288866, 0.269291, 0.138678, -0.0206279
1685499910426074743, -0.83947, 0.54156, 0.0303199, 0.0329061, 0.50568, 0.563786, 0.28806, 0.283307, 0.0959167, -0.0270091
1685499910526929379, -0.836262, 0.546288, 0.0325287, 0.0342974, 0.528045, 0.574122, 0.284348, 0.246216, 0.0693711, -0.0593247
1685499910627769947, -0.832617, 0.551278, 0.0430261, 0.0314503, 0.545418, 0.582219, 0.280025, 0.17293, 0.123451, -0.0337667
1685499910728648186, -0.830218, 0.554739, 0.0475756, 0.0272027, 0.555232, 0.594656, 0.280669, 0.115054, 0.181408, 0.0232137
1685499910829504728, -0.829906, 0.555576, 0.0429653, 0.0273062, 0.563289, 0.611033, 0.283852, 0.0872141, 0.231774, 0.0132195
1685499910930359840, -0.831049, 0.554312, 0.0391243, 0.0237608, 0.568812, 0.633272, 0.283891, 0.0457184, 0.271209, -0.0175002
1685499911031242132, -0.831541, 0.553883, 0.0350266, 0.0229477, 0.571815, 0.656447, 0.283515, 0.0131876, 0.269195, -0.00304651
1685499911132107019, -0.82991, 0.556914, 0.0268167, 0.0194436, 0.572286, 0.677684, 0.283645, -0.00519223, 0.253567, -0.00573135
1685499911232977867, -0.830359, 0.556577, 0.0249061, 0.0102882, 0.574726, 0.701584, 0.283524, 0.0211935, 0.246906, 0.0263804
1685499911333828926, -0.826251, 0.562503, 0.0223886, 0.0199381, 0.577776, 0.723218, 0.288386, 0.00990521, 0.24413, 0.0468823
1685499911434663773, -0.824667, 0.564805, 0.0180965, 0.0243354, 0.578757, 0.743073, 0.292335, -0.0156478, 0.224568, 0.0435858
1685499911535554886, -0.822655, 0.56655, 0.0372938, 0.0294706, 0.578478, 0.758338, 0.297043, 0.00226737, 0.153773, 0.0478665
1685499911636414528, -0.821732, 0.567764, 0.0381148, 0.0307874, 0.580882, 0.765556, 0.30113, 0.0274438, 0.0848852, 0.0298558
1685499911737208605, -0.821395, 0.568421, 0.0368995, 0.0290697, 0.5841, 0.768587, 0.30269, 0.0315767, 0.00922146, -0.00433229
1685499911838083982, -0.821869, 0.568223, 0.0344227, 0.0216383, 0.588258, 0.766221, 0.301162, 0.0694261, -0.0408668, -0.0223175
1685499911938957453, -0.822797, 0.567288, 0.0307077, 0.0156921, 0.595397, 0.759267, 0.298926, 0.108534, -0.0986206, -0.0249436
1685499912039821625, -0.821741, 0.569141, 0.0273984, 0.00834392, 0.602988, 0.748326, 0.296593, 0.107948, -0.153181, -0.0183317
1685499912140674591, -0.820018, 0.572091, 0.0160366, 0.00501421, 0.610536, 0.732282, 0.296081, 0.142216, -0.212968, 0.00445371
1685499912241653919, -0.818556, 0.574146, 0.0142263, 0.0109177, 0.617201, 0.707929, 0.296355, 0.158927, -0.254075, 0.00116694
1685499912342388153, -0.817736, 0.575089, 0.0190082, 0.0148027, 0.62354, 0.682642, 0.295148, 0.160947, -0.280175, -0.0348296
1685499912443257332, -0.817693, 0.575194, 0.0216358, 0.00784603, 0.62765, 0.651875, 0.290723, 0.153298, -0.291456, -0.0368867
1685499912544142485, -0.81622, 0.577249, 0.0214994, 0.0102841, 0.630455, 0.620512, 0.288766, 0.150624, -0.288587, -0.0144978
1685499912645041466, -0.8111, 0.58407, 0.0293245, 0.0108912, 0.630336, 0.592607, 0.286373, 0.127793, -0.252128, -0.0347458
1685499912745838165, -0.804605, 0.592223, 0.0417866, 0.0117291, 0.62925, 0.566915, 0.284123, 0.119389, -0.192448, -0.0268535
1685499912846723557, -0.799637, 0.598785, 0.0408082, 0.0193007, 0.627621, 0.546926, 0.283739, 0.103705, -0.130445, -0.000961107
1685499912947555304, -0.79531, 0.604523, 0.0366299, 0.0263088, 0.623709, 0.534548, 0.282563, 0.0575406, -0.058671, -0.0349946
1685499913048441410, -0.794402, 0.605391, 0.0415863, 0.0264187, 0.616322, 0.531213, 0.279108, 0.0160007, 0.0476584, -0.0313814
1685499913149313688, -0.794646, 0.605604, 0.034777, 0.0239022, 0.608249, 0.538703, 0.278192, -0.0110191, 0.161841, -0.0100952
1685499913250146151, -0.796609, 0.603109, 0.0360838, 0.0192907, 0.599756, 0.55448, 0.277747, -0.0294768, 0.218723, -0.0254384
1685499913350999832, -0.79595, 0.60384, 0.0401803, 0.015037, 0.592129, 0.574738, 0.277526, -0.0261758, 0.279644, -0.000291782
1685499913451868534, -0.794418, 0.6061, 0.0359727, 0.0157742, 0.58688, 0.601086, 0.279273, -0.0170731, 0.320403, 0.0214557
1685499913552751541, -0.795541, 0.605253, 0.0248392, 0.0129032, 0.583734, 0.628793, 0.281191, -0.0062235, 0.312669, 0.0217921
1685499913653579235, -0.794764, 0.606055, 0.0249346, 0.0206499, 0.58173, 0.656171, 0.28642, -0.0095753, 0.295557, 0.0567746
1685499913754448175, -0.793606, 0.607264, 0.0305619, 0.0220314, 0.581153, 0.683508, 0.289759, -0.000100824, 0.268515, 0.0147362
1685499913855313540, -0.789629, 0.612488, 0.0312801, 0.0191461, 0.582371, 0.706952, 0.291627, 0.00440531, 0.235931, 0.00996264
1685499913956235886, -0.786823, 0.61586, 0.034089, 0.0215218, 0.586099, 0.728484, 0.29389, 0.0242632, 0.190662, 0.0321124
1685499914057023764, -0.785101, 0.616785, 0.0425373, 0.0371878, 0.591379, 0.744387, 0.298115, 0.04052, 0.137178, 0.0239835
1685499914157889366, -0.783618, 0.619285, 0.0373632, 0.0321408, 0.59827, 0.753525, 0.298265, 0.0528464, 0.0545335, -0.0271105
1685499914258744717, -0.782573, 0.62101, 0.0384955, 0.0210757, 0.606035, 0.753673, 0.295908, 0.0658735, -0.0516674, -0.0330105
1685499914359622478, -0.780587, 0.624062, 0.0336365, 0.00991538, 0.612951, 0.745178, 0.292928, 0.0606942, -0.139584, -0.0352661
1685499914460461855, -0.777472, 0.628228, 0.0294481, 2.51714e-05, 0.618529, 0.730785, 0.290992, 0.0602105, -0.197385, -0.00438478
1685499914561321735, 0.778092, -0.627662, -0.0245964, 0.00288591, 0.624232, 0.713911, 0.291656, 0.0760239, -0.212635, 0.00117168
1685499914662207603, 0.781544, -0.623504, -0.020589, 0.00276517, 0.628422, 0.695155, 0.292322, 0.0487318, -0.263774, 0.0184688
1685499914763052225, -0.782537, 0.622144, 0.0235161, 0.0044405, 0.629882, 0.667709, 0.293738, 0.0562355, -0.323551, 0.0100389
1685499914863898277, -0.782825, 0.621615, 0.0265138, 0.00872742, 0.631146, 0.638318, 0.294031, 0.0690904, -0.343692, -0.00448429
1685499914964767456, -0.781928, 0.622655, 0.0273281, 0.0119814, 0.631073, 0.605293, 0.292448, 0.0655496, -0.333162, -0.0189869
1685499915065618515, -0.781794, 0.622737, 0.0276829, 0.0152087, 0.630592, 0.57677, 0.290687, 0.0762913, -0.282679, -0.0280966
1685499915166516781, -0.780735, 0.623936, 0.0323241, 0.0105525, 0.630172, 0.553262, 0.287356, 0.0637352, -0.267302, -0.0365589
1685499915267339468, -0.777727, 0.627404, 0.0379417, 0.00804935, 0.628255, 0.527572, 0.284647, 0.0539398, -0.260883, -0.025537
1685499915368222237, -0.77398, 0.631838, 0.0411513, 0.00647158, 0.625898, 0.503241, 0.282541, 0.0497154, -0.259963, -0.0280668
1685499915469037533, -0.766521, 0.640549, 0.0450392, 0.0106763, 0.622605, 0.477775, 0.281697, 0.0280055, -0.208847, 0.0146827
1685499915569916725, -0.761354, 0.646273, 0.0485268, 0.0177809, 0.617402, 0.460119, 0.284601, -0.00055435, -0.110461, 0.0266535
1685499915670801163, -0.758877, 0.648928, 0.0516664, 0.0181326, 0.610548, 0.45466, 0.286627, -0.018715, 0.0229822, 0.0100023
1685499915771659374, -0.756353, 0.652274, 0.0463363, 0.0179488, 0.603439, 0.460773, 0.287226, -0.0411897, 0.133895, -0.00172153
1685499915872491837, -0.755009, 0.653956, 0.0422701, 0.0227452, 0.595592, 0.476035, 0.287093, -0.0533719, 0.237739, -0.00921405
1685499915973356485, -0.758277, 0.650873, 0.0291696, 0.0230038, 0.587131, 0.505052, 0.285809, -0.0649036, 0.285106, -0.00738673
1685499916074218512, -0.761353, 0.647617, 0.0184117, 0.0244042, 0.579604, 0.535559, 0.285395, -0.065263, 0.274687, 0.0115707
1685499916175105572, -0.758787, 0.650572, 0.0118383, 0.0293053, 0.573165, 0.569167, 0.28872, -0.0620277, 0.301903, 0.0280602
1685499916275942802, -0.760095, 0.649206, 0.0128492, 0.0249346, 0.568743, 0.603283, 0.291437, -0.0513039, 0.300921, 0.0132447
1685499916376799107, -0.75921, 0.650556, 0.013297, 0.0141038, 0.568612, 0.635162, 0.294124, -0.0125593, 0.280186, 0.0512756
1685499916477678061, -0.75897, 0.650486, 0.0189842, 0.021728, 0.570367, 0.665299, 0.300325, -0.0163042, 0.272946, 0.0833096
1685499916578500748, -0.760179, 0.649294, 0.00838608, 0.0217734, 0.57114, 0.69396, 0.307422, -0.0324755, 0.237733, 0.0705921
1685499916679416180, -0.760321, 0.648852, 0.0123442, 0.0274072, 0.570905, 0.716853, 0.313616, -0.0410503, 0.166219, 0.0564219
1685499916780240536, -0.760881, 0.64755, 0.0180703, 0.0375739, 0.569765, 0.73419, 0.317684, -0.044739, 0.123175, 0.0218779
1685499916881104469, -0.762627, 0.64574, 0.0103657, 0.0362152, 0.56814, 0.745035, 0.317912, -0.0387534, 0.0323001, -0.00674192
1685499916981982231, -0.763168, 0.645254, 0.00919566, 0.033713, 0.568167, 0.741684, 0.315644, -0.00712629, -0.100541, -0.0439897
1685499917082834244, -0.760041, 0.64955, 0.00178325, 0.0204774, 0.570089, 0.729729, 0.311231, 0.00850822, -0.172982, -0.0235664
1685499917183708668, -0.758843, 0.651004, 0.00291953, 0.0185235, 0.573606, 0.711473, 0.311901, 0.0339269, -0.248885, 0.0452525
1685499917284564018, -0.756115, 0.65343, 0.01635, 0.0324368, 0.576618, 0.68406, 0.316459, 0.034246, -0.302045, 0.0329259
1685499917385431767, -0.754435, 0.654751, 0.0233427, 0.0398123, 0.578629, 0.650606, 0.31807, 0.0379891, -0.335125, 0.0049171
1685499917486291409, -0.756083, 0.653037, 0.0240158, 0.0361258, 0.580412, 0.615187, 0.314427, 0.0520939, -0.359429, -0.0728038
1685499917587146044, -0.758422, 0.650441, 0.0317225, 0.0267552, 0.583646, 0.580272, 0.306007, 0.0480243, -0.369737, -0.0658251
1685499917688008070, -0.754696, 0.654619, 0.038314, 0.0209773, 0.584602, 0.542457, 0.298657, 0.025157, -0.348514, -0.0761764
1685499917788842201, -0.749905, 0.660287, 0.038551, 0.0133471, 0.58459, 0.511205, 0.291988, 0.0232896, -0.315056, -0.0575432
1685499917889721870, -0.746264, 0.664254, 0.041209, 0.012585, 0.584362, 0.48297, 0.287284, 0.0349521, -0.264798, -0.0408259
1685499917990573406, -0.745071, 0.665845, 0.0360577, 0.0148273, 0.585027, 0.460528, 0.285191, 0.0345426, -0.22324, -0.0101679
1685499918091403961, -0.743154, 0.668212, 0.0319175, 0.0140125, 0.584461, 0.443461, 0.283094, 0.0255098, -0.141882, -0.0349117
1685499918192279816, -0.743048, 0.668271, 0.0348122, 0.00909417, 0.583317, 0.437339, 0.280105, 0.0227117, -0.0218136, -0.0250692
1685499918293165684, -0.742413, 0.669101, 0.030974, 0.0129288, 0.583581, 0.443557, 0.280097, 0.0342198, 0.0970438, 0.00127835
1685499918394001007, -0.741447, 0.670074, 0.0323071, 0.0146241, 0.584941, 0.457005, 0.280438, 0.0383648, 0.159678, -0.0128801
1685499918494872093, -0.739549, 0.671962, 0.0377928, 0.0102321, 0.587201, 0.476686, 0.279942, 0.0309156, 0.240405, -0.0153404
1685499918595739841, -0.737096, 0.674779, 0.0367055, 0.0038681, 0.589598, 0.503782, 0.280493, 0.0138123, 0.292534, -0.0155133
1685499918696582079, -0.734129, 0.678151, 0.0341266, 0.000603769, 0.591371, 0.532121, 0.282211, 0.0137765, 0.304009, 0.020402
1685499918797453165, -0.73384, 0.678972, 0.0210371, 0.0057985, 0.592508, 0.564397, 0.285087, 0.00943138, 0.304843, 0.0134348
1685499918898429871, -0.739191, 0.673313, 0.0121372, 0.00998966, 0.591834, 0.598272, 0.285805, -0.0117094, 0.320559, 0.0119367
1685499918999156952, -0.744797, 0.666993, 0.0134105, 0.014766, 0.590485, 0.631027, 0.286568, -0.0260363, 0.283255, -0.00570982
1685499919100029469, -0.745622, 0.666225, 0.0102633, 0.00937765, 0.58863, 0.659705, 0.286212, -0.0332847, 0.245281, -0.00510683
1685499919200860500, -0.745906, 0.665756, 0.0141242, 0.0139343, 0.585431, 0.685882, 0.288729, -0.0436898, 0.255964, 0.0328368
1685499919301868916, -0.747343, 0.664049, 0.0129724, 0.0187101, 0.580462, 0.710196, 0.290866, -0.0691977, 0.199049, 0.00628341
1685499919402602673, -0.747037, 0.664519, 0.00964451, 0.0160311, 0.574184, 0.725906, 0.292863, -0.0645216, 0.0926012, 0.0348467
1685499919503456116, -0.745786, 0.665578, 0.0150901, 0.0241121, 0.569876, 0.730911, 0.29781, -0.0362039, 0.00211959, 0.0336304
1685499919604338408, -0.744948, 0.666596, 0.013744, 0.0226583, 0.56855, 0.726796, 0.299181, -0.0185527, -0.103612, -0.000677164
1685499919705171585, -0.743167, 0.668774, 0.0092202, 0.0189519, 0.56873, 0.713726, 0.299649, 0.00961821, -0.195399, 0.00874298
1685499919806052923, -0.736541, 0.676161, -0.000192687, 0.0176942, 0.570135, 0.690969, 0.300295, 0.0274225, -0.266149, -0.0168964
1685499919906898737, -0.731552, 0.681617, 0.00304086, 0.0148746, 0.570614, 0.662355, 0.297108, 0.015698, -0.317275, -0.035073
1685499920007761478, -0.729948, 0.683111, 0.0100953, 0.020811, 0.570337, 0.632244, 0.293842, 0.0175828, -0.327174, -0.0427777
1685499920108644009, -0.731339, 0.6819, 0.00336632, 0.0120455, 0.569836, 0.604304, 0.288059, 0.00469863, -0.327397, -0.0633359
1685499920209476948, -0.732929, 0.680112, 0.0139769, 0.00824149, 0.569229, 0.571429, 0.283067, 0.0124491, -0.321675, -0.0370305
1685499920310355663, -0.734126, 0.678352, 0.0252197, 0.0161419, 0.568969, 0.53958, 0.282618, 0.0127191, -0.31803, 0.00168662
1685499920411229134, -0.735127, 0.676919, 0.0298364, 0.0218843, 0.570187, 0.507216, 0.28149, 0.0518947, -0.303227, -0.0427382
1685499920512082338, -0.733005, 0.679148, 0.0343791, 0.016686, 0.572868, 0.478682, 0.27681, 0.0194398, -0.257376, -0.0623485
1685499920612949371, -0.732581, 0.679262, 0.0410927, 0.0154604, 0.573035, 0.459441, 0.272278, 0.00502527, -0.120146, -0.025918
1685499920713802338, -0.733241, 0.678746, 0.0316893, 0.0256288, 0.5699, 0.454122, 0.274727, -0.0084628, 0.021466, 0.0344784
1685499920814669132, -0.732934, 0.678941, 0.0310812, 0.0296642, 0.567079, 0.458572, 0.278097, 0.00355749, 0.0727199, 0.00966497
1685499920915528774, -0.733812, 0.677294, 0.047507, 0.023165, 0.566458, 0.466971, 0.2776, 0.0114125, 0.115648, -0.0410554
1685499921016430140, 0.73625, -0.672928, -0.0712464, 0.00521545, 0.567168, 0.480534, 0.2701, 0.0052903, 0.129513, -0.128247
1685499921117221832, 0.736535, -0.667633, -0.0994651, 0.043465, 0.568908, 0.492173, 0.258777, -0.00230058, 0.0880952, -0.127031
1685499921218076229, 0.7336, -0.66485, -0.118537, 0.0758584, 0.571248, 0.499855, 0.24868, -0.00206997, 0.0506125, -0.117769
1685499921318933487, 0.727676, -0.666255, -0.12994, 0.0985278, 0.574053, 0.505148, 0.239243, 0.0180363, 0.0286694, -0.106957
1685499921419800282, 0.720223, -0.671847, -0.130851, 0.113038, 0.575451, 0.510622, 0.232245, 0.0366709, 0.0352252, -0.0765258
1685499921520606041, 0.712078, -0.681358, -0.123804, 0.11562, 0.578638, 0.516054, 0.230912, 0.0756941, 0.0456565, 0.0303771
1685499921621470690, 0.705887, -0.695813, -0.100729, 0.0861488, 0.586363, 0.519622, 0.242118, 0.101096, 0.0402532, 0.149349
1685499921722389460, 0.703062, -0.706812, -0.0673246, 0.0398574, 0.595339, 0.521356, 0.259846, 0.0871781, 0.0246498, 0.169598
1685499921823244095, 0.70088, -0.712679, -0.0292235, 0.00130521, 0.599058, 0.520342, 0.275754, 0.0507065, -0.00119985, 0.144964
1685499921924113989, -0.699537, 0.7136, 0.00129561, 0.0377108, 0.596857, 0.515467, 0.28738, 0.0314576, -0.0276068, 0.0875236
1685499922024960995, -0.699378, 0.71133, -0.023033, 0.0659516, 0.593244, 0.509681, 0.293629, 0.00208555, -0.0298609, 0.0354473
1685499922125848293, -0.69904, 0.709038, -0.0430491, 0.0821869, 0.58815, 0.50484, 0.295796, -0.0197679, -0.0312651, 0.0123971
1685499922226696014, -0.699703, 0.705603, -0.0569345, 0.0964268, 0.582989, 0.50085, 0.297302, -0.0202961, -0.0200197, 0.0109735
1685499922327546120, -0.701224, 0.701557, -0.0675649, 0.107414, 0.578146, 0.498849, 0.299092, -0.0309758, -0.00695024, 0.0201754
1685499922428408146, -0.703616, 0.698593, -0.0691337, 0.110058, 0.573812, 0.499094, 0.299123, -0.0160878, 0.0224397, -0.0390068
1685499922529259682, -0.710342, 0.69638, -0.0473637, 0.0906914, 0.570279, 0.507713, 0.292224, -0.00355577, 0.0346052, -0.0947546
1685499922630121708, -0.718366, 0.692969, -0.00892576, 0.0605266, 0.571372, 0.516749, 0.280107, 0.0230121, 0.0692483, -0.162836
1685499922731101036, -0.722178, 0.690797, 0.0241922, 0.0259684, 0.576335, 0.528822, 0.261935, 0.0459012, 0.103717, -0.222606
1685499922831825256, -0.720824, 0.691744, 0.043328, 0.00500659, 0.585936, 0.543334, 0.239388, 0.0813376, 0.127177, -0.256899
1685499922932701588, 0.717342, -0.695823, -0.0352889, 0.00212073, 0.599408, 0.558822, 0.216503, 0.102211, 0.135961, -0.261125
1685499923033572674, -0.713526, 0.700057, 0.0282234, 0.00195548, 0.61305, 0.573798, 0.1949, 0.0983589, 0.142479, -0.25061
1685499923134442329, 0.709247, -0.704761, -0.01674, 0.000895278, 0.624566, 0.592003, 0.174937, 0.0746339, 0.159647, -0.253497
1685499923235310078, 0.706411, -0.707695, -0.0122628, 0.00142736, 0.633358, 0.609195, 0.157839, 0.0572657, 0.147642, -0.207774
1685499923336143970, 0.703739, -0.710318, -0.0140949, 0.000978238, 0.641116, 0.624345, 0.145241, 0.0335952, 0.124519, -0.171627
1685499923437010288, 0.702193, -0.71183, -0.0143494, 0.00421307, 0.646075, 0.637749, 0.136745, -0.00585135, 0.0833571, -0.130611
1685499923537858963, 0.699952, -0.714033, -0.00919112, 0.0118316, 0.648842, 0.648747, 0.131924, 0.0061383, 0.0498157, -0.0937808
1685499923638716221, 0.696805, -0.717088, -0.00561674, 0.0146904, 0.653847, 0.655712, 0.131223, 0.0336483, 0.0300429, -0.0614733
1685499923739617825, 0.695037, -0.71861, 0.00652876, 0.0218947, 0.659342, 0.661833, 0.13178, 0.0294193, 0.0246945, -0.0570086
1685499923840449333, 0.692668, -0.720411, 0.0187821, 0.0294351, 0.663074, 0.667548, 0.132618, 0.0107083, 0.019599, -0.0149976
1685499923941312313, 0.689588, -0.723376, 0.0171873, 0.0300081, 0.666334, 0.673948, 0.141403, 0.0223837, 0.0434746, 0.00117798
1685499924042235374, 0.688239, -0.724384, 0.0189601, 0.0351535, 0.668674, 0.678695, 0.148522, 0.00492158, 0.0305373, 0.0319392
1685499924143030643, 0.687321, -0.725257, 0.0188343, 0.0351751, 0.669695, 0.680116, 0.156513, 0.00721709, 0.0297119, 0.0316797
1685499924243869781, 0.686348, -0.726177, 0.0189398, 0.0351323, 0.670837, 0.68121, 0.164283, 0.00409396, 0.0299621, 0.0335731
1685499924344747305, 0.685385, -0.727084, 0.0191219, 0.0350741, 0.671754, 0.682281, 0.171843, 0.00519378, 0.0291679, 0.0349317
1685499924445621490, 0.684497, -0.727924, 0.0191528, 0.0349835, 0.672493, 0.682878, 0.179193, -0.000117955, 0.0269569, 0.0364879
1685499924546494007, 0.683618, -0.728753, 0.0192057, 0.0348752, 0.67302, 0.68326, 0.186321, 0.000316404, 0.0257659, 0.0375422
1685499924647313118, 0.682748, -0.729574, 0.0192614, 0.0347419, 0.673216, 0.683494, 0.193243, -0.00404959, 0.024252, 0.0389502
1685499924748165131, 0.681886, -0.730383, 0.0193177, 0.0346311, 0.673226, 0.683709, 0.199961, -0.00540159, 0.0227754, 0.0398416
1685499924849029064, 0.681021, -0.731193, 0.0193859, 0.0345203, 0.672947, 0.683931, 0.206489, -0.00955281, 0.0217541, 0.0410355
1685499924949913502, 0.680131, -0.73202, 0.0194958, 0.0344652, 0.672407, 0.684057, 0.212801, -0.0123897, 0.020549, 0.0418346
1685499925050758839, 0.679247, -0.732843, 0.0195669, 0.0343675, 0.671716, 0.684154, 0.218901, -0.0160499, 0.0194402, 0.0427676
1685499925151636362, 0.678412, -0.733619, 0.0196207, 0.0342841, 0.671041, 0.684035, 0.2248, -0.019495, 0.0183972, 0.0434557
1685499925252516508, 0.677558, -0.73441, 0.0196968, 0.0342066, 0.670059, 0.683805, 0.23053, -0.0229009, 0.0171113, 0.0439357
1685499925353368282, 0.676764, -0.735141, 0.019784, 0.034166, 0.668949, 0.683384, 0.23605, -0.0270183, 0.0161745, 0.0444534
